﻿{"ous":[{"Properties":{"name":"ADDINGWORKSTATIONS@FACTORY.LAN","highvalue":false,"blocksinheritance":false,"description":null},"Guid":"97C61EA2-CAC6-4C2E-A63D-C7B6A06B80AE","ChildOus":[],"Computers":[],"Users":["SVCJOINCOMPUTERTODOM@FACTORY.LAN"],"Links":null},{"Properties":{"name":"DOMAIN CONTROLLERS@FACTORY.LAN","highvalue":false,"blocksinheritance":false,"description":"Default container for domain controllers"},"Guid":"8815C0F4-0172-475A-AE5E-65B24926EB8F","ChildOus":[],"Computers":["DC01-WW2.FACTORY.LAN"],"Users":[],"Links":[{"IsEnforced":false,"Name":"DEFAULT DOMAIN CONTROLLERS POLICY@FACTORY.LAN"}]}],"meta":{"count":2,"type":"ous"}}