﻿{"domains":[{"Properties":{"objectsid":"S-1-5-21-973561226-3767909689-3041734699","highvalue":true,"description":null,"functionallevel":"2016"},"Name":"FACTORY.LAN","Links":[{"IsEnforced":false,"Name":"DEFAULT DOMAIN POLICY@FACTORY.LAN"}],"Trusts":[],"Aces":[{"PrincipalName":"ADMINISTRATORS@FACTORY.LAN","PrincipalType":"group","RightName":"Owner","AceType":""},{"PrincipalName":"ENTERPRISE READ-ONLY DOMAIN CONTROLLERS@FACTORY.LAN","PrincipalType":"group","RightName":"ExtendedRight","AceType":"GetChanges"},{"PrincipalName":"DOMAIN CONTROLLERS@FACTORY.LAN","PrincipalType":"group","RightName":"ExtendedRight","AceType":"GetChangesAll"},{"PrincipalName":"ADMINISTRATORS@FACTORY.LAN","PrincipalType":"group","RightName":"ExtendedRight","AceType":"GetChanges"},{"PrincipalName":"ADMINISTRATORS@FACTORY.LAN","PrincipalType":"group","RightName":"ExtendedRight","AceType":"GetChangesAll"},{"PrincipalName":"ENTERPRISE DOMAIN CONTROLLERS@FACTORY.LAN","PrincipalType":"group","RightName":"ExtendedRight","AceType":"GetChanges"},{"PrincipalName":"DOMAIN ADMINS@FACTORY.LAN","PrincipalType":"group","RightName":"WriteOwner","AceType":""},{"PrincipalName":"DOMAIN ADMINS@FACTORY.LAN","PrincipalType":"group","RightName":"WriteDacl","AceType":""},{"PrincipalName":"DOMAIN ADMINS@FACTORY.LAN","PrincipalType":"group","RightName":"ExtendedRight","AceType":"All"},{"PrincipalName":"ENTERPRISE ADMINS@FACTORY.LAN","PrincipalType":"group","RightName":"GenericAll","AceType":""},{"PrincipalName":"ADMINISTRATORS@FACTORY.LAN","PrincipalType":"group","RightName":"WriteOwner","AceType":""},{"PrincipalName":"ADMINISTRATORS@FACTORY.LAN","PrincipalType":"group","RightName":"WriteDacl","AceType":""},{"PrincipalName":"ADMINISTRATORS@FACTORY.LAN","PrincipalType":"group","RightName":"ExtendedRight","AceType":"All"}],"ChildOus":["97C61EA2-CAC6-4C2E-A63D-C7B6A06B80AE","8815C0F4-0172-475A-AE5E-65B24926EB8F"],"Computers":["PC01-DEV.FACTORY.LAN","SRV01-INTRANET.FACTORY.LAN","COMMANDO.FACTORY.LAN"],"Users":["ADMINISTRATOR@FACTORY.LAN","GUEST@FACTORY.LAN","KRBTGT@FACTORY.LAN","ADMINWORKSTATION@FACTORY.LAN","ADMINSERVER@FACTORY.LAN","AUGUSTUS@FACTORY.LAN","OOMPALOOMPA@FACTORY.LAN","MIKE.TEAVEE@FACTORY.LAN","PRINCE.PONDICHERRY@FACTORY.LAN","GRANDPA.JOE@FACTORY.LAN","GRANDMA.JOSEPHINE@FACTORY.LAN","MRS.SALT@FACTORY.LAN","SLUGWORTH@FACTORY.LAN","MRS.GLOOP@FACTORY.LAN","GRANDPA.GEORGE@FACTORY.LAN","LUMINOUS.LOLLY@FACTORY.LAN","WILBUR.WONKA@FACTORY.LAN","PEDRO.LECOCHON@FACTORY.LAN","PEDRO.LALICORNE@FACTORY.LAN","AAS@FACTORY.LAN","LYDERIC.LEFEBVRE@FACTORY.LAN"]}],"meta":{"count":1,"type":"domains"}}