﻿{"users":[{"Properties":{"domain":"FACTORY.LAN","objectsid":"S-1-5-21-973561226-3767909689-3041734699-502","highvalue":false,"enabled":false,"lastlogon":0,"pwdlastset":1561023557,"serviceprincipalnames":["kadmin/changepw"],"hasspn":true,"displayname":null,"email":null,"title":null,"homedirectory":null,"description":"Key Distribution Center Service Account","userpassword":null,"sensitive":false,"dontreqpreauth":false,"admincount":true},"Name":"KRBTGT@FACTORY.LAN","PrimaryGroup":"DOMAIN USERS@FACTORY.LAN","Aces":[{"PrincipalName":"DOMAIN ADMINS@FACTORY.LAN","PrincipalType":"group","RightName":"Owner","AceType":""},{"PrincipalName":"DOMAIN ADMINS@FACTORY.LAN","PrincipalType":"group","RightName":"GenericWrite","AceType":""},{"PrincipalName":"DOMAIN ADMINS@FACTORY.LAN","PrincipalType":"group","RightName":"WriteOwner","AceType":""},{"PrincipalName":"DOMAIN ADMINS@FACTORY.LAN","PrincipalType":"group","RightName":"WriteDacl","AceType":""},{"PrincipalName":"ENTERPRISE ADMINS@FACTORY.LAN","PrincipalType":"group","RightName":"GenericWrite","AceType":""},{"PrincipalName":"ENTERPRISE ADMINS@FACTORY.LAN","PrincipalType":"group","RightName":"WriteOwner","AceType":""},{"PrincipalName":"ENTERPRISE ADMINS@FACTORY.LAN","PrincipalType":"group","RightName":"WriteDacl","AceType":""},{"PrincipalName":"ADMINISTRATORS@FACTORY.LAN","PrincipalType":"group","RightName":"GenericWrite","AceType":""},{"PrincipalName":"ADMINISTRATORS@FACTORY.LAN","PrincipalType":"group","RightName":"WriteOwner","AceType":""},{"PrincipalName":"ADMINISTRATORS@FACTORY.LAN","PrincipalType":"group","RightName":"WriteDacl","AceType":""}],"AllowedToDelegate":[]},{"Properties":{"domain":"FACTORY.LAN","objectsid":"S-1-5-21-973561226-3767909689-3041734699-500","highvalue":false,"enabled":true,"lastlogon":1562763849,"pwdlastset":1561024463,"serviceprincipalnames":[],"hasspn":false,"displayname":null,"email":null,"title":null,"homedirectory":null,"description":"Built-in account for administering the computer/domain","userpassword":null,"sensitive":false,"dontreqpreauth":false,"admincount":true},"Name":"ADMINISTRATOR@FACTORY.LAN","PrimaryGroup":"DOMAIN USERS@FACTORY.LAN","Aces":[{"PrincipalName":"DOMAIN ADMINS@FACTORY.LAN","PrincipalType":"group","RightName":"Owner","AceType":""},{"PrincipalName":"DOMAIN ADMINS@FACTORY.LAN","PrincipalType":"group","RightName":"GenericWrite","AceType":""},{"PrincipalName":"DOMAIN ADMINS@FACTORY.LAN","PrincipalType":"group","RightName":"WriteOwner","AceType":""},{"PrincipalName":"DOMAIN ADMINS@FACTORY.LAN","PrincipalType":"group","RightName":"WriteDacl","AceType":""},{"PrincipalName":"ENTERPRISE ADMINS@FACTORY.LAN","PrincipalType":"group","RightName":"GenericWrite","AceType":""},{"PrincipalName":"ENTERPRISE ADMINS@FACTORY.LAN","PrincipalType":"group","RightName":"WriteOwner","AceType":""},{"PrincipalName":"ENTERPRISE ADMINS@FACTORY.LAN","PrincipalType":"group","RightName":"WriteDacl","AceType":""},{"PrincipalName":"ADMINISTRATORS@FACTORY.LAN","PrincipalType":"group","RightName":"GenericWrite","AceType":""},{"PrincipalName":"ADMINISTRATORS@FACTORY.LAN","PrincipalType":"group","RightName":"WriteOwner","AceType":""},{"PrincipalName":"ADMINISTRATORS@FACTORY.LAN","PrincipalType":"group","RightName":"WriteDacl","AceType":""}],"AllowedToDelegate":[]},{"Properties":{"domain":"FACTORY.LAN","objectsid":"S-1-5-21-973561226-3767909689-3041734699-1106","highvalue":false,"enabled":true,"lastlogon":1563234876,"pwdlastset":1561211143,"serviceprincipalnames":[],"hasspn":false,"displayname":null,"email":null,"title":null,"homedirectory":null,"description":null,"userpassword":null,"sensitive":false,"dontreqpreauth":false,"admincount":false},"Name":"SVCJOINCOMPUTERTODOM@FACTORY.LAN","PrimaryGroup":"DOMAIN USERS@FACTORY.LAN","Aces":[{"PrincipalName":"DOMAIN ADMINS@FACTORY.LAN","PrincipalType":"group","RightName":"Owner","AceType":""},{"PrincipalName":"DOMAIN ADMINS@FACTORY.LAN","PrincipalType":"group","RightName":"GenericAll","AceType":""},{"PrincipalName":"ACCOUNT OPERATORS@FACTORY.LAN","PrincipalType":"group","RightName":"GenericAll","AceType":""},{"PrincipalName":"ENTERPRISE ADMINS@FACTORY.LAN","PrincipalType":"group","RightName":"GenericAll","AceType":""},{"PrincipalName":"ADMINISTRATORS@FACTORY.LAN","PrincipalType":"group","RightName":"GenericWrite","AceType":""},{"PrincipalName":"ADMINISTRATORS@FACTORY.LAN","PrincipalType":"group","RightName":"WriteOwner","AceType":""},{"PrincipalName":"ADMINISTRATORS@FACTORY.LAN","PrincipalType":"group","RightName":"WriteDacl","AceType":""}],"AllowedToDelegate":[]},{"Properties":{"domain":"FACTORY.LAN","objectsid":"S-1-5-21-973561226-3767909689-3041734699-1104","highvalue":false,"enabled":true,"lastlogon":1562762065,"pwdlastset":1561024280,"serviceprincipalnames":[],"hasspn":false,"displayname":null,"email":null,"title":null,"homedirectory":null,"description":null,"userpassword":null,"sensitive":false,"dontreqpreauth":false,"admincount":false},"Name":"ADMINSERVER@FACTORY.LAN","PrimaryGroup":"DOMAIN USERS@FACTORY.LAN","Aces":[{"PrincipalName":"DOMAIN ADMINS@FACTORY.LAN","PrincipalType":"group","RightName":"Owner","AceType":""},{"PrincipalName":"DOMAIN ADMINS@FACTORY.LAN","PrincipalType":"group","RightName":"GenericAll","AceType":""},{"PrincipalName":"ACCOUNT OPERATORS@FACTORY.LAN","PrincipalType":"group","RightName":"GenericAll","AceType":""},{"PrincipalName":"ENTERPRISE ADMINS@FACTORY.LAN","PrincipalType":"group","RightName":"GenericAll","AceType":""},{"PrincipalName":"ADMINISTRATORS@FACTORY.LAN","PrincipalType":"group","RightName":"GenericWrite","AceType":""},{"PrincipalName":"ADMINISTRATORS@FACTORY.LAN","PrincipalType":"group","RightName":"WriteOwner","AceType":""},{"PrincipalName":"ADMINISTRATORS@FACTORY.LAN","PrincipalType":"group","RightName":"WriteDacl","AceType":""}],"AllowedToDelegate":[]},{"Properties":{"domain":"FACTORY.LAN","objectsid":"S-1-5-21-973561226-3767909689-3041734699-1105","highvalue":false,"enabled":true,"lastlogon":0,"pwdlastset":1561024650,"serviceprincipalnames":[],"hasspn":false,"displayname":null,"email":null,"title":null,"homedirectory":null,"description":null,"userpassword":null,"sensitive":false,"dontreqpreauth":false,"admincount":false},"Name":"AUGUSTUS@FACTORY.LAN","PrimaryGroup":"DOMAIN USERS@FACTORY.LAN","Aces":[{"PrincipalName":"DOMAIN ADMINS@FACTORY.LAN","PrincipalType":"group","RightName":"Owner","AceType":""},{"PrincipalName":"DOMAIN ADMINS@FACTORY.LAN","PrincipalType":"group","RightName":"GenericAll","AceType":""},{"PrincipalName":"ACCOUNT OPERATORS@FACTORY.LAN","PrincipalType":"group","RightName":"GenericAll","AceType":""},{"PrincipalName":"ENTERPRISE ADMINS@FACTORY.LAN","PrincipalType":"group","RightName":"GenericAll","AceType":""},{"PrincipalName":"ADMINISTRATORS@FACTORY.LAN","PrincipalType":"group","RightName":"GenericWrite","AceType":""},{"PrincipalName":"ADMINISTRATORS@FACTORY.LAN","PrincipalType":"group","RightName":"WriteOwner","AceType":""},{"PrincipalName":"ADMINISTRATORS@FACTORY.LAN","PrincipalType":"group","RightName":"WriteDacl","AceType":""}],"AllowedToDelegate":[]},{"Properties":{"domain":"FACTORY.LAN","objectsid":"S-1-5-21-973561226-3767909689-3041734699-1103","highvalue":false,"enabled":true,"lastlogon":1562765810,"pwdlastset":1561024188,"serviceprincipalnames":[],"hasspn":false,"displayname":null,"email":null,"title":null,"homedirectory":null,"description":null,"userpassword":null,"sensitive":false,"dontreqpreauth":false,"admincount":false},"Name":"ADMINWORKSTATION@FACTORY.LAN","PrimaryGroup":"DOMAIN USERS@FACTORY.LAN","Aces":[{"PrincipalName":"DOMAIN ADMINS@FACTORY.LAN","PrincipalType":"group","RightName":"Owner","AceType":""},{"PrincipalName":"DOMAIN ADMINS@FACTORY.LAN","PrincipalType":"group","RightName":"GenericAll","AceType":""},{"PrincipalName":"ACCOUNT OPERATORS@FACTORY.LAN","PrincipalType":"group","RightName":"GenericAll","AceType":""},{"PrincipalName":"ENTERPRISE ADMINS@FACTORY.LAN","PrincipalType":"group","RightName":"GenericAll","AceType":""},{"PrincipalName":"ADMINISTRATORS@FACTORY.LAN","PrincipalType":"group","RightName":"GenericWrite","AceType":""},{"PrincipalName":"ADMINISTRATORS@FACTORY.LAN","PrincipalType":"group","RightName":"WriteOwner","AceType":""},{"PrincipalName":"ADMINISTRATORS@FACTORY.LAN","PrincipalType":"group","RightName":"WriteDacl","AceType":""}],"AllowedToDelegate":[]},{"Properties":{"domain":"FACTORY.LAN","objectsid":"S-1-5-21-973561226-3767909689-3041734699-1107","highvalue":false,"enabled":true,"lastlogon":1561107725,"pwdlastset":1561040557,"serviceprincipalnames":[],"hasspn":false,"displayname":null,"email":null,"title":null,"homedirectory":null,"description":null,"userpassword":null,"sensitive":false,"dontreqpreauth":false,"admincount":false},"Name":"OOMPALOOMPA@FACTORY.LAN","PrimaryGroup":"DOMAIN USERS@FACTORY.LAN","Aces":[{"PrincipalName":"DOMAIN ADMINS@FACTORY.LAN","PrincipalType":"group","RightName":"Owner","AceType":""},{"PrincipalName":"DOMAIN ADMINS@FACTORY.LAN","PrincipalType":"group","RightName":"GenericAll","AceType":""},{"PrincipalName":"ACCOUNT OPERATORS@FACTORY.LAN","PrincipalType":"group","RightName":"GenericAll","AceType":""},{"PrincipalName":"ENTERPRISE ADMINS@FACTORY.LAN","PrincipalType":"group","RightName":"GenericAll","AceType":""},{"PrincipalName":"ADMINISTRATORS@FACTORY.LAN","PrincipalType":"group","RightName":"GenericWrite","AceType":""},{"PrincipalName":"ADMINISTRATORS@FACTORY.LAN","PrincipalType":"group","RightName":"WriteOwner","AceType":""},{"PrincipalName":"ADMINISTRATORS@FACTORY.LAN","PrincipalType":"group","RightName":"WriteDacl","AceType":""}],"AllowedToDelegate":[]},{"Properties":{"domain":"FACTORY.LAN","objectsid":"S-1-5-21-973561226-3767909689-3041734699-4101","highvalue":false,"enabled":true,"lastlogon":0,"pwdlastset":1562060733,"serviceprincipalnames":[],"hasspn":false,"displayname":null,"email":null,"title":null,"homedirectory":null,"description":null,"userpassword":null,"sensitive":false,"dontreqpreauth":false,"admincount":false},"Name":"MIKE.TEAVEE@FACTORY.LAN","PrimaryGroup":"DOMAIN USERS@FACTORY.LAN","Aces":[{"PrincipalName":"DOMAIN ADMINS@FACTORY.LAN","PrincipalType":"group","RightName":"Owner","AceType":""},{"PrincipalName":"DOMAIN ADMINS@FACTORY.LAN","PrincipalType":"group","RightName":"GenericAll","AceType":""},{"PrincipalName":"ACCOUNT OPERATORS@FACTORY.LAN","PrincipalType":"group","RightName":"GenericAll","AceType":""},{"PrincipalName":"ENTERPRISE ADMINS@FACTORY.LAN","PrincipalType":"group","RightName":"GenericAll","AceType":""},{"PrincipalName":"ADMINISTRATORS@FACTORY.LAN","PrincipalType":"group","RightName":"GenericWrite","AceType":""},{"PrincipalName":"ADMINISTRATORS@FACTORY.LAN","PrincipalType":"group","RightName":"WriteOwner","AceType":""},{"PrincipalName":"ADMINISTRATORS@FACTORY.LAN","PrincipalType":"group","RightName":"WriteDacl","AceType":""}],"AllowedToDelegate":[]},{"Properties":{"domain":"FACTORY.LAN","objectsid":"S-1-5-21-973561226-3767909689-3041734699-4103","highvalue":false,"enabled":true,"lastlogon":0,"pwdlastset":1562060799,"serviceprincipalnames":[],"hasspn":false,"displayname":null,"email":null,"title":null,"homedirectory":null,"description":null,"userpassword":null,"sensitive":false,"dontreqpreauth":false,"admincount":false},"Name":"GRANDPA.JOE@FACTORY.LAN","PrimaryGroup":"DOMAIN USERS@FACTORY.LAN","Aces":[{"PrincipalName":"DOMAIN ADMINS@FACTORY.LAN","PrincipalType":"group","RightName":"Owner","AceType":""},{"PrincipalName":"DOMAIN ADMINS@FACTORY.LAN","PrincipalType":"group","RightName":"GenericAll","AceType":""},{"PrincipalName":"ACCOUNT OPERATORS@FACTORY.LAN","PrincipalType":"group","RightName":"GenericAll","AceType":""},{"PrincipalName":"ENTERPRISE ADMINS@FACTORY.LAN","PrincipalType":"group","RightName":"GenericAll","AceType":""},{"PrincipalName":"ADMINISTRATORS@FACTORY.LAN","PrincipalType":"group","RightName":"GenericWrite","AceType":""},{"PrincipalName":"ADMINISTRATORS@FACTORY.LAN","PrincipalType":"group","RightName":"WriteOwner","AceType":""},{"PrincipalName":"ADMINISTRATORS@FACTORY.LAN","PrincipalType":"group","RightName":"WriteDacl","AceType":""}],"AllowedToDelegate":[]},{"Properties":{"domain":"FACTORY.LAN","objectsid":"S-1-5-21-973561226-3767909689-3041734699-4102","highvalue":false,"enabled":true,"lastlogon":0,"pwdlastset":1562060766,"serviceprincipalnames":[],"hasspn":false,"displayname":null,"email":null,"title":null,"homedirectory":null,"description":null,"userpassword":null,"sensitive":false,"dontreqpreauth":false,"admincount":false},"Name":"PRINCE.PONDICHERRY@FACTORY.LAN","PrimaryGroup":"DOMAIN USERS@FACTORY.LAN","Aces":[{"PrincipalName":"DOMAIN ADMINS@FACTORY.LAN","PrincipalType":"group","RightName":"Owner","AceType":""},{"PrincipalName":"DOMAIN ADMINS@FACTORY.LAN","PrincipalType":"group","RightName":"GenericAll","AceType":""},{"PrincipalName":"ACCOUNT OPERATORS@FACTORY.LAN","PrincipalType":"group","RightName":"GenericAll","AceType":""},{"PrincipalName":"ENTERPRISE ADMINS@FACTORY.LAN","PrincipalType":"group","RightName":"GenericAll","AceType":""},{"PrincipalName":"ADMINISTRATORS@FACTORY.LAN","PrincipalType":"group","RightName":"GenericWrite","AceType":""},{"PrincipalName":"ADMINISTRATORS@FACTORY.LAN","PrincipalType":"group","RightName":"WriteOwner","AceType":""},{"PrincipalName":"ADMINISTRATORS@FACTORY.LAN","PrincipalType":"group","RightName":"WriteDacl","AceType":""}],"AllowedToDelegate":[]},{"Properties":{"domain":"FACTORY.LAN","objectsid":"S-1-5-21-973561226-3767909689-3041734699-4105","highvalue":false,"enabled":true,"lastlogon":0,"pwdlastset":1562060857,"serviceprincipalnames":[],"hasspn":false,"displayname":null,"email":null,"title":null,"homedirectory":null,"description":null,"userpassword":null,"sensitive":false,"dontreqpreauth":false,"admincount":false},"Name":"MRS.SALT@FACTORY.LAN","PrimaryGroup":"DOMAIN USERS@FACTORY.LAN","Aces":[{"PrincipalName":"DOMAIN ADMINS@FACTORY.LAN","PrincipalType":"group","RightName":"Owner","AceType":""},{"PrincipalName":"DOMAIN ADMINS@FACTORY.LAN","PrincipalType":"group","RightName":"GenericAll","AceType":""},{"PrincipalName":"ACCOUNT OPERATORS@FACTORY.LAN","PrincipalType":"group","RightName":"GenericAll","AceType":""},{"PrincipalName":"ENTERPRISE ADMINS@FACTORY.LAN","PrincipalType":"group","RightName":"GenericAll","AceType":""},{"PrincipalName":"ADMINISTRATORS@FACTORY.LAN","PrincipalType":"group","RightName":"GenericWrite","AceType":""},{"PrincipalName":"ADMINISTRATORS@FACTORY.LAN","PrincipalType":"group","RightName":"WriteOwner","AceType":""},{"PrincipalName":"ADMINISTRATORS@FACTORY.LAN","PrincipalType":"group","RightName":"WriteDacl","AceType":""}],"AllowedToDelegate":[]},{"Properties":{"domain":"FACTORY.LAN","objectsid":"S-1-5-21-973561226-3767909689-3041734699-4106","highvalue":false,"enabled":true,"lastlogon":0,"pwdlastset":1562060877,"serviceprincipalnames":[],"hasspn":false,"displayname":null,"email":null,"title":null,"homedirectory":null,"description":null,"userpassword":null,"sensitive":false,"dontreqpreauth":false,"admincount":false},"Name":"SLUGWORTH@FACTORY.LAN","PrimaryGroup":"DOMAIN USERS@FACTORY.LAN","Aces":[{"PrincipalName":"DOMAIN ADMINS@FACTORY.LAN","PrincipalType":"group","RightName":"Owner","AceType":""},{"PrincipalName":"DOMAIN ADMINS@FACTORY.LAN","PrincipalType":"group","RightName":"GenericAll","AceType":""},{"PrincipalName":"ACCOUNT OPERATORS@FACTORY.LAN","PrincipalType":"group","RightName":"GenericAll","AceType":""},{"PrincipalName":"ENTERPRISE ADMINS@FACTORY.LAN","PrincipalType":"group","RightName":"GenericAll","AceType":""},{"PrincipalName":"ADMINISTRATORS@FACTORY.LAN","PrincipalType":"group","RightName":"GenericWrite","AceType":""},{"PrincipalName":"ADMINISTRATORS@FACTORY.LAN","PrincipalType":"group","RightName":"WriteOwner","AceType":""},{"PrincipalName":"ADMINISTRATORS@FACTORY.LAN","PrincipalType":"group","RightName":"WriteDacl","AceType":""}],"AllowedToDelegate":[]},{"Properties":{"domain":"FACTORY.LAN","objectsid":"S-1-5-21-973561226-3767909689-3041734699-4107","highvalue":false,"enabled":true,"lastlogon":0,"pwdlastset":1562060909,"serviceprincipalnames":[],"hasspn":false,"displayname":null,"email":null,"title":null,"homedirectory":null,"description":null,"userpassword":null,"sensitive":false,"dontreqpreauth":false,"admincount":false},"Name":"MRS.GLOOP@FACTORY.LAN","PrimaryGroup":"DOMAIN USERS@FACTORY.LAN","Aces":[{"PrincipalName":"DOMAIN ADMINS@FACTORY.LAN","PrincipalType":"group","RightName":"Owner","AceType":""},{"PrincipalName":"DOMAIN ADMINS@FACTORY.LAN","PrincipalType":"group","RightName":"GenericAll","AceType":""},{"PrincipalName":"ACCOUNT OPERATORS@FACTORY.LAN","PrincipalType":"group","RightName":"GenericAll","AceType":""},{"PrincipalName":"ENTERPRISE ADMINS@FACTORY.LAN","PrincipalType":"group","RightName":"GenericAll","AceType":""},{"PrincipalName":"ADMINISTRATORS@FACTORY.LAN","PrincipalType":"group","RightName":"GenericWrite","AceType":""},{"PrincipalName":"ADMINISTRATORS@FACTORY.LAN","PrincipalType":"group","RightName":"WriteOwner","AceType":""},{"PrincipalName":"ADMINISTRATORS@FACTORY.LAN","PrincipalType":"group","RightName":"WriteDacl","AceType":""}],"AllowedToDelegate":[]},{"Properties":{"domain":"FACTORY.LAN","objectsid":"S-1-5-21-973561226-3767909689-3041734699-4108","highvalue":false,"enabled":true,"lastlogon":0,"pwdlastset":1562060935,"serviceprincipalnames":[],"hasspn":false,"displayname":null,"email":null,"title":null,"homedirectory":null,"description":null,"userpassword":null,"sensitive":false,"dontreqpreauth":false,"admincount":false},"Name":"GRANDPA.GEORGE@FACTORY.LAN","PrimaryGroup":"DOMAIN USERS@FACTORY.LAN","Aces":[{"PrincipalName":"DOMAIN ADMINS@FACTORY.LAN","PrincipalType":"group","RightName":"Owner","AceType":""},{"PrincipalName":"DOMAIN ADMINS@FACTORY.LAN","PrincipalType":"group","RightName":"GenericAll","AceType":""},{"PrincipalName":"ACCOUNT OPERATORS@FACTORY.LAN","PrincipalType":"group","RightName":"GenericAll","AceType":""},{"PrincipalName":"ENTERPRISE ADMINS@FACTORY.LAN","PrincipalType":"group","RightName":"GenericAll","AceType":""},{"PrincipalName":"ADMINISTRATORS@FACTORY.LAN","PrincipalType":"group","RightName":"GenericWrite","AceType":""},{"PrincipalName":"ADMINISTRATORS@FACTORY.LAN","PrincipalType":"group","RightName":"WriteOwner","AceType":""},{"PrincipalName":"ADMINISTRATORS@FACTORY.LAN","PrincipalType":"group","RightName":"WriteDacl","AceType":""}],"AllowedToDelegate":[]},{"Properties":{"domain":"FACTORY.LAN","objectsid":"S-1-5-21-973561226-3767909689-3041734699-4110","highvalue":false,"enabled":true,"lastlogon":0,"pwdlastset":1562061029,"serviceprincipalnames":[],"hasspn":false,"displayname":null,"email":null,"title":null,"homedirectory":null,"description":null,"userpassword":null,"sensitive":false,"dontreqpreauth":false,"admincount":false},"Name":"WILBUR.WONKA@FACTORY.LAN","PrimaryGroup":"DOMAIN USERS@FACTORY.LAN","Aces":[{"PrincipalName":"DOMAIN ADMINS@FACTORY.LAN","PrincipalType":"group","RightName":"Owner","AceType":""},{"PrincipalName":"DOMAIN ADMINS@FACTORY.LAN","PrincipalType":"group","RightName":"GenericAll","AceType":""},{"PrincipalName":"ACCOUNT OPERATORS@FACTORY.LAN","PrincipalType":"group","RightName":"GenericAll","AceType":""},{"PrincipalName":"ENTERPRISE ADMINS@FACTORY.LAN","PrincipalType":"group","RightName":"GenericAll","AceType":""},{"PrincipalName":"ADMINISTRATORS@FACTORY.LAN","PrincipalType":"group","RightName":"GenericWrite","AceType":""},{"PrincipalName":"ADMINISTRATORS@FACTORY.LAN","PrincipalType":"group","RightName":"WriteOwner","AceType":""},{"PrincipalName":"ADMINISTRATORS@FACTORY.LAN","PrincipalType":"group","RightName":"WriteDacl","AceType":""}],"AllowedToDelegate":[]},{"Properties":{"domain":"FACTORY.LAN","objectsid":"S-1-5-21-973561226-3767909689-3041734699-4109","highvalue":false,"enabled":true,"lastlogon":0,"pwdlastset":1562060981,"serviceprincipalnames":[],"hasspn":false,"displayname":null,"email":null,"title":null,"homedirectory":null,"description":null,"userpassword":null,"sensitive":false,"dontreqpreauth":false,"admincount":false},"Name":"LUMINOUS.LOLLY@FACTORY.LAN","PrimaryGroup":"DOMAIN USERS@FACTORY.LAN","Aces":[{"PrincipalName":"DOMAIN ADMINS@FACTORY.LAN","PrincipalType":"group","RightName":"Owner","AceType":""},{"PrincipalName":"DOMAIN ADMINS@FACTORY.LAN","PrincipalType":"group","RightName":"GenericAll","AceType":""},{"PrincipalName":"ACCOUNT OPERATORS@FACTORY.LAN","PrincipalType":"group","RightName":"GenericAll","AceType":""},{"PrincipalName":"ENTERPRISE ADMINS@FACTORY.LAN","PrincipalType":"group","RightName":"GenericAll","AceType":""},{"PrincipalName":"ADMINISTRATORS@FACTORY.LAN","PrincipalType":"group","RightName":"GenericWrite","AceType":""},{"PrincipalName":"ADMINISTRATORS@FACTORY.LAN","PrincipalType":"group","RightName":"WriteOwner","AceType":""},{"PrincipalName":"ADMINISTRATORS@FACTORY.LAN","PrincipalType":"group","RightName":"WriteDacl","AceType":""}],"AllowedToDelegate":[]},{"Properties":{"domain":"FACTORY.LAN","objectsid":"S-1-5-21-973561226-3767909689-3041734699-4104","highvalue":false,"enabled":true,"lastlogon":0,"pwdlastset":1562060839,"serviceprincipalnames":[],"hasspn":false,"displayname":null,"email":null,"title":null,"homedirectory":null,"description":null,"userpassword":null,"sensitive":false,"dontreqpreauth":false,"admincount":false},"Name":"GRANDMA.JOSEPHINE@FACTORY.LAN","PrimaryGroup":"DOMAIN USERS@FACTORY.LAN","Aces":[{"PrincipalName":"DOMAIN ADMINS@FACTORY.LAN","PrincipalType":"group","RightName":"Owner","AceType":""},{"PrincipalName":"DOMAIN ADMINS@FACTORY.LAN","PrincipalType":"group","RightName":"GenericAll","AceType":""},{"PrincipalName":"ACCOUNT OPERATORS@FACTORY.LAN","PrincipalType":"group","RightName":"GenericAll","AceType":""},{"PrincipalName":"ENTERPRISE ADMINS@FACTORY.LAN","PrincipalType":"group","RightName":"GenericAll","AceType":""},{"PrincipalName":"ADMINISTRATORS@FACTORY.LAN","PrincipalType":"group","RightName":"GenericWrite","AceType":""},{"PrincipalName":"ADMINISTRATORS@FACTORY.LAN","PrincipalType":"group","RightName":"WriteOwner","AceType":""},{"PrincipalName":"ADMINISTRATORS@FACTORY.LAN","PrincipalType":"group","RightName":"WriteDacl","AceType":""}],"AllowedToDelegate":[]},{"Properties":{"domain":"FACTORY.LAN","objectsid":"S-1-5-21-973561226-3767909689-3041734699-4111","highvalue":false,"enabled":true,"lastlogon":0,"pwdlastset":1562061078,"serviceprincipalnames":[],"hasspn":false,"displayname":null,"email":null,"title":null,"homedirectory":null,"description":null,"userpassword":null,"sensitive":false,"dontreqpreauth":false,"admincount":false},"Name":"PEDRO.LECOCHON@FACTORY.LAN","PrimaryGroup":"DOMAIN USERS@FACTORY.LAN","Aces":[{"PrincipalName":"DOMAIN ADMINS@FACTORY.LAN","PrincipalType":"group","RightName":"Owner","AceType":""},{"PrincipalName":"DOMAIN ADMINS@FACTORY.LAN","PrincipalType":"group","RightName":"GenericAll","AceType":""},{"PrincipalName":"ACCOUNT OPERATORS@FACTORY.LAN","PrincipalType":"group","RightName":"GenericAll","AceType":""},{"PrincipalName":"ENTERPRISE ADMINS@FACTORY.LAN","PrincipalType":"group","RightName":"GenericAll","AceType":""},{"PrincipalName":"ADMINISTRATORS@FACTORY.LAN","PrincipalType":"group","RightName":"GenericWrite","AceType":""},{"PrincipalName":"ADMINISTRATORS@FACTORY.LAN","PrincipalType":"group","RightName":"WriteOwner","AceType":""},{"PrincipalName":"ADMINISTRATORS@FACTORY.LAN","PrincipalType":"group","RightName":"WriteDacl","AceType":""}],"AllowedToDelegate":[]},{"Properties":{"domain":"FACTORY.LAN","objectsid":"S-1-5-21-973561226-3767909689-3041734699-4112","highvalue":false,"enabled":true,"lastlogon":0,"pwdlastset":1562061089,"serviceprincipalnames":[],"hasspn":false,"displayname":null,"email":null,"title":null,"homedirectory":null,"description":null,"userpassword":null,"sensitive":false,"dontreqpreauth":false,"admincount":false},"Name":"PEDRO.LALICORNE@FACTORY.LAN","PrimaryGroup":"DOMAIN USERS@FACTORY.LAN","Aces":[{"PrincipalName":"DOMAIN ADMINS@FACTORY.LAN","PrincipalType":"group","RightName":"Owner","AceType":""},{"PrincipalName":"DOMAIN ADMINS@FACTORY.LAN","PrincipalType":"group","RightName":"GenericAll","AceType":""},{"PrincipalName":"ACCOUNT OPERATORS@FACTORY.LAN","PrincipalType":"group","RightName":"GenericAll","AceType":""},{"PrincipalName":"ENTERPRISE ADMINS@FACTORY.LAN","PrincipalType":"group","RightName":"GenericAll","AceType":""},{"PrincipalName":"ADMINISTRATORS@FACTORY.LAN","PrincipalType":"group","RightName":"GenericWrite","AceType":""},{"PrincipalName":"ADMINISTRATORS@FACTORY.LAN","PrincipalType":"group","RightName":"WriteOwner","AceType":""},{"PrincipalName":"ADMINISTRATORS@FACTORY.LAN","PrincipalType":"group","RightName":"WriteDacl","AceType":""}],"AllowedToDelegate":[]},{"Properties":{"domain":"FACTORY.LAN","objectsid":"S-1-5-21-973561226-3767909689-3041734699-4115","highvalue":false,"enabled":true,"lastlogon":0,"pwdlastset":1562061952,"serviceprincipalnames":[],"hasspn":false,"displayname":null,"email":null,"title":"IT Security Consultant","homedirectory":null,"description":null,"userpassword":null,"sensitive":false,"dontreqpreauth":false,"admincount":false},"Name":"LYDERIC.LEFEBVRE@FACTORY.LAN","PrimaryGroup":"DOMAIN USERS@FACTORY.LAN","Aces":[{"PrincipalName":"DOMAIN ADMINS@FACTORY.LAN","PrincipalType":"group","RightName":"Owner","AceType":""},{"PrincipalName":"DOMAIN ADMINS@FACTORY.LAN","PrincipalType":"group","RightName":"GenericAll","AceType":""},{"PrincipalName":"ACCOUNT OPERATORS@FACTORY.LAN","PrincipalType":"group","RightName":"GenericAll","AceType":""},{"PrincipalName":"ENTERPRISE ADMINS@FACTORY.LAN","PrincipalType":"group","RightName":"GenericAll","AceType":""},{"PrincipalName":"ADMINISTRATORS@FACTORY.LAN","PrincipalType":"group","RightName":"GenericWrite","AceType":""},{"PrincipalName":"ADMINISTRATORS@FACTORY.LAN","PrincipalType":"group","RightName":"WriteOwner","AceType":""},{"PrincipalName":"ADMINISTRATORS@FACTORY.LAN","PrincipalType":"group","RightName":"WriteDacl","AceType":""}],"AllowedToDelegate":[]},{"Properties":{"domain":"FACTORY.LAN","objectsid":"S-1-5-21-973561226-3767909689-3041734699-501","highvalue":false,"enabled":false,"lastlogon":0,"pwdlastset":0,"serviceprincipalnames":[],"hasspn":false,"displayname":null,"email":null,"title":null,"homedirectory":null,"description":"Built-in account for guest access to the computer/domain","userpassword":null,"sensitive":false,"dontreqpreauth":false,"admincount":false},"Name":"GUEST@FACTORY.LAN","PrimaryGroup":"DOMAIN GUESTS@FACTORY.LAN","Aces":[{"PrincipalName":"ADMINISTRATORS@FACTORY.LAN","PrincipalType":"group","RightName":"Owner","AceType":""},{"PrincipalName":"DOMAIN ADMINS@FACTORY.LAN","PrincipalType":"group","RightName":"GenericAll","AceType":""},{"PrincipalName":"ACCOUNT OPERATORS@FACTORY.LAN","PrincipalType":"group","RightName":"GenericAll","AceType":""},{"PrincipalName":"ENTERPRISE ADMINS@FACTORY.LAN","PrincipalType":"group","RightName":"GenericAll","AceType":""},{"PrincipalName":"ADMINISTRATORS@FACTORY.LAN","PrincipalType":"group","RightName":"GenericWrite","AceType":""},{"PrincipalName":"ADMINISTRATORS@FACTORY.LAN","PrincipalType":"group","RightName":"WriteOwner","AceType":""},{"PrincipalName":"ADMINISTRATORS@FACTORY.LAN","PrincipalType":"group","RightName":"WriteDacl","AceType":""}],"AllowedToDelegate":[]},{"Properties":{"domain":"FACTORY.LAN","objectsid":"S-1-5-21-973561226-3767909689-3041734699-4114","highvalue":false,"enabled":true,"lastlogon":0,"pwdlastset":1562061144,"serviceprincipalnames":[],"hasspn":false,"displayname":null,"email":null,"title":null,"homedirectory":null,"description":null,"userpassword":null,"sensitive":false,"dontreqpreauth":false,"admincount":false},"Name":"AAS@FACTORY.LAN","PrimaryGroup":"DOMAIN USERS@FACTORY.LAN","Aces":[{"PrincipalName":"DOMAIN ADMINS@FACTORY.LAN","PrincipalType":"group","RightName":"Owner","AceType":""},{"PrincipalName":"DOMAIN ADMINS@FACTORY.LAN","PrincipalType":"group","RightName":"GenericAll","AceType":""},{"PrincipalName":"ACCOUNT OPERATORS@FACTORY.LAN","PrincipalType":"group","RightName":"GenericAll","AceType":""},{"PrincipalName":"ENTERPRISE ADMINS@FACTORY.LAN","PrincipalType":"group","RightName":"GenericAll","AceType":""},{"PrincipalName":"ADMINISTRATORS@FACTORY.LAN","PrincipalType":"group","RightName":"GenericWrite","AceType":""},{"PrincipalName":"ADMINISTRATORS@FACTORY.LAN","PrincipalType":"group","RightName":"WriteOwner","AceType":""},{"PrincipalName":"ADMINISTRATORS@FACTORY.LAN","PrincipalType":"group","RightName":"WriteDacl","AceType":""}],"AllowedToDelegate":[]}],"meta":{"count":22,"type":"users"}}