﻿{"computers":[{"Properties":{"objectsid":"S-1-5-21-973561226-3767909689-3041734699-6601","highvalue":false,"domain":"FACTORY.LAN","enabled":true,"unconstraineddelegation":false,"lastlogon":1563234768,"pwdlastset":1562764288,"serviceprincipalnames":["RestrictedKrbHost/COMMANDO","HOST/COMMANDO","RestrictedKrbHost/commando.factory.lan","HOST/commando.factory.lan"],"operatingsystem":"Windows 10 Professionnel","description":null},"Name":"COMMANDO.FACTORY.LAN","PrimaryGroup":"DOMAIN COMPUTERS@FACTORY.LAN","LocalAdmins":[{"Name":"DOMAIN ADMINS@FACTORY.LAN","Type":"Group"}],"RemoteDesktopUsers":[],"DcomUsers":[],"AllowedToDelegate":[],"Aces":null},{"Properties":{"objectsid":"S-1-5-21-973561226-3767909689-3041734699-1000","highvalue":false,"domain":"FACTORY.LAN","enabled":true,"unconstraineddelegation":true,"lastlogon":1563233962,"pwdlastset":1561023578,"serviceprincipalnames":["Dfsr-12F9A27C-BF97-4787-9364-D31B6C55EB04/DC01-WW2.factory.lan","ldap/WIN-4F3QKJ2C2OD/FACTORY","HOST/WIN-4F3QKJ2C2OD/factory.lan","ldap/WIN-4F3QKJ2C2OD/ForestDnsZones.factory.lan","HOST/WIN-4F3QKJ2C2OD/FACTORY","ldap/DC01-WW2/ForestDnsZones.factory.lan","ldap/WIN-4F3QKJ2C2OD/DomainDnsZones.factory.lan","HOST/DC01-WW2/factory.lan","ldap/DC01-WW2/DomainDnsZones.factory.lan","GC/DC01-WW2/factory.lan","ldap/WIN-4F3QKJ2C2OD/factory.lan","GC/WIN-4F3QKJ2C2OD/factory.lan","ldap/DC01-WW2/factory.lan","TERMSRV/WIN-4F3QKJ2C2OD","RestrictedKrbHost/WIN-4F3QKJ2C2OD","HOST/WIN-4F3QKJ2C2OD","ldap/WIN-4F3QKJ2C2OD","HOST/DC01-WW2/FACTORY","ldap/DC01-WW2/FACTORY","TERMSRV/DC01-WW2","TERMSRV/DC01-WW2.factory.lan","ldap/DC01-WW2.factory.lan/ForestDnsZones.factory.lan","ldap/DC01-WW2.factory.lan/DomainDnsZones.factory.lan","DNS/DC01-WW2.factory.lan","GC/DC01-WW2.factory.lan/factory.lan","RestrictedKrbHost/DC01-WW2.factory.lan","RestrictedKrbHost/DC01-WW2","HOST/DC01-WW2.factory.lan/FACTORY","HOST/DC01-WW2","HOST/DC01-WW2.factory.lan","HOST/DC01-WW2.factory.lan/factory.lan","ldap/DC01-WW2.factory.lan/FACTORY","ldap/DC01-WW2","ldap/DC01-WW2.factory.lan","ldap/DC01-WW2.factory.lan/factory.lan","RPC/d3361cea-adf1-4815-b4c7-99878d29e74b._msdcs.factory.lan","E3514235-4B06-11D1-AB04-00C04FC2DCD2/d3361cea-adf1-4815-b4c7-99878d29e74b/factory.lan","ldap/d3361cea-adf1-4815-b4c7-99878d29e74b._msdcs.factory.lan"],"operatingsystem":"Windows Server 2019 Standard Evaluation","description":null},"Name":"DC01-WW2.FACTORY.LAN","PrimaryGroup":"DOMAIN CONTROLLERS@FACTORY.LAN","LocalAdmins":[],"RemoteDesktopUsers":[],"DcomUsers":null,"AllowedToDelegate":[],"Aces":null},{"Properties":{"objectsid":"S-1-5-21-973561226-3767909689-3041734699-1109","highvalue":false,"domain":"FACTORY.LAN","enabled":true,"unconstraineddelegation":false,"lastlogon":1563234849,"pwdlastset":1561027389,"serviceprincipalnames":["TERMSRV/SRV01-INTRANET","TERMSRV/SRV01-INTRANET.factory.lan","WSMAN/SRV01-INTRANET","WSMAN/SRV01-INTRANET.factory.lan","RestrictedKrbHost/SRV01-INTRANET","HOST/SRV01-INTRANET","RestrictedKrbHost/SRV01-INTRANET.factory.lan","HOST/SRV01-INTRANET.factory.lan"],"operatingsystem":"Windows Server 2019 Standard Evaluation","description":null},"Name":"SRV01-INTRANET.FACTORY.LAN","PrimaryGroup":"DOMAIN COMPUTERS@FACTORY.LAN","LocalAdmins":[],"RemoteDesktopUsers":[],"DcomUsers":null,"AllowedToDelegate":[],"Aces":null},{"Properties":{"objectsid":"S-1-5-21-973561226-3767909689-3041734699-1108","highvalue":false,"domain":"FACTORY.LAN","enabled":true,"unconstraineddelegation":false,"lastlogon":1563234730,"pwdlastset":1561027330,"serviceprincipalnames":["TERMSRV/PC01-DEV","TERMSRV/PC01-DEV.factory.lan","RestrictedKrbHost/PC01-DEV","HOST/PC01-DEV","RestrictedKrbHost/PC01-DEV.factory.lan","HOST/PC01-DEV.factory.lan"],"operatingsystem":"Windows 10 Pro","description":null},"Name":"PC01-DEV.FACTORY.LAN","PrimaryGroup":"DOMAIN COMPUTERS@FACTORY.LAN","LocalAdmins":[],"RemoteDesktopUsers":[],"DcomUsers":null,"AllowedToDelegate":[],"Aces":null}],"meta":{"count":4,"type":"computers"}}