﻿{"gpos":[{"Properties":{"highvalue":false,"description":null,"gpcpath":"\\\\factory.lan\\sysvol\\factory.lan\\Policies\\{6AC1786C-016F-11D2-945F-00C04fB984F9}"},"Name":"DEFAULT DOMAIN CONTROLLERS POLICY@FACTORY.LAN","Guid":"6AC1786C-016F-11D2-945F-00C04fB984F9","Aces":[{"PrincipalName":"DOMAIN ADMINS@FACTORY.LAN","PrincipalType":"group","RightName":"Owner","AceType":""},{"PrincipalName":"DOMAIN ADMINS@FACTORY.LAN","PrincipalType":"group","RightName":"WriteOwner","AceType":""},{"PrincipalName":"DOMAIN ADMINS@FACTORY.LAN","PrincipalType":"group","RightName":"WriteDacl","AceType":""},{"PrincipalName":"ENTERPRISE ADMINS@FACTORY.LAN","PrincipalType":"group","RightName":"WriteOwner","AceType":""},{"PrincipalName":"ENTERPRISE ADMINS@FACTORY.LAN","PrincipalType":"group","RightName":"WriteDacl","AceType":""}]},{"Properties":{"highvalue":false,"description":null,"gpcpath":"\\\\factory.lan\\sysvol\\factory.lan\\Policies\\{31B2F340-016D-11D2-945F-00C04FB984F9}"},"Name":"DEFAULT DOMAIN POLICY@FACTORY.LAN","Guid":"31B2F340-016D-11D2-945F-00C04FB984F9","Aces":[{"PrincipalName":"DOMAIN ADMINS@FACTORY.LAN","PrincipalType":"group","RightName":"Owner","AceType":""},{"PrincipalName":"DOMAIN ADMINS@FACTORY.LAN","PrincipalType":"group","RightName":"WriteOwner","AceType":""},{"PrincipalName":"DOMAIN ADMINS@FACTORY.LAN","PrincipalType":"group","RightName":"WriteDacl","AceType":""},{"PrincipalName":"ENTERPRISE ADMINS@FACTORY.LAN","PrincipalType":"group","RightName":"WriteOwner","AceType":""},{"PrincipalName":"ENTERPRISE ADMINS@FACTORY.LAN","PrincipalType":"group","RightName":"WriteDacl","AceType":""}]}],"meta":{"count":2,"type":"gpos"}}