{"computers":[{"RemoteDesktopUsers": [], "AllowedToDelegate": [], "DcomUsers": [], "Name": "DC01-WW2.FACTORY.LAN", "LocalAdmins": [], "PrimaryGroup": "DOMAIN CONTROLLERS@FACTORY.LAN", "Properties": {"pwdlastset": 1561023578, "domain": "FACTORY.LAN", "description": null, "serviceprincipalnames": ["Dfsr-12F9A27C-BF97-4787-9364-D31B6C55EB04/DC01-WW2.factory.lan", "ldap/WIN-4F3QKJ2C2OD/FACTORY", "HOST/WIN-4F3QKJ2C2OD/factory.lan", "ldap/WIN-4F3QKJ2C2OD/ForestDnsZones.factory.lan", "HOST/WIN-4F3QKJ2C2OD/FACTORY", "ldap/DC01-WW2/ForestDnsZones.factory.lan", "ldap/WIN-4F3QKJ2C2OD/DomainDnsZones.factory.lan", "HOST/DC01-WW2/factory.lan", "ldap/DC01-WW2/DomainDnsZones.factory.lan", "GC/DC01-WW2/factory.lan", "ldap/WIN-4F3QKJ2C2OD/factory.lan", "GC/WIN-4F3QKJ2C2OD/factory.lan", "ldap/DC01-WW2/factory.lan", "TERMSRV/WIN-4F3QKJ2C2OD", "RestrictedKrbHost/WIN-4F3QKJ2C2OD", "HOST/WIN-4F3QKJ2C2OD", "ldap/WIN-4F3QKJ2C2OD", "HOST/DC01-WW2/FACTORY", "ldap/DC01-WW2/FACTORY", "TERMSRV/DC01-WW2", "TERMSRV/DC01-WW2.factory.lan", "ldap/DC01-WW2.factory.lan/ForestDnsZones.factory.lan", "ldap/DC01-WW2.factory.lan/DomainDnsZones.factory.lan", "DNS/DC01-WW2.factory.lan", "GC/DC01-WW2.factory.lan/factory.lan", "RestrictedKrbHost/DC01-WW2.factory.lan", "RestrictedKrbHost/DC01-WW2", "HOST/DC01-WW2.factory.lan/FACTORY", "HOST/DC01-WW2", "HOST/DC01-WW2.factory.lan", "HOST/DC01-WW2.factory.lan/factory.lan", "ldap/DC01-WW2.factory.lan/FACTORY", "ldap/DC01-WW2", "ldap/DC01-WW2.factory.lan", "ldap/DC01-WW2.factory.lan/factory.lan", "RPC/d3361cea-adf1-4815-b4c7-99878d29e74b._msdcs.factory.lan", "E3514235-4B06-11D1-AB04-00C04FC2DCD2/d3361cea-adf1-4815-b4c7-99878d29e74b/factory.lan", "ldap/d3361cea-adf1-4815-b4c7-99878d29e74b._msdcs.factory.lan"], "enabled": true, "unconstraineddelegation": true, "lastlogon": 1562947977, "lastlogontimestamp": 1562060530, "objectsid": "S-1-5-21-973561226-3767909689-3041734699-1000", "operatingsystem": "Windows Server 2019 Standard Evaluation", "highvalue": false}},{"RemoteDesktopUsers": [], "AllowedToDelegate": [], "DcomUsers": [], "Name": "SRV01-INTRANET.FACTORY.LAN", "LocalAdmins": [], "PrimaryGroup": "DOMAIN COMPUTERS@FACTORY.LAN", "Properties": {"pwdlastset": 1561027389, "domain": "FACTORY.LAN", "description": null, "serviceprincipalnames": ["TERMSRV/SRV01-INTRANET", "TERMSRV/SRV01-INTRANET.factory.lan", "WSMAN/SRV01-INTRANET", "WSMAN/SRV01-INTRANET.factory.lan", "RestrictedKrbHost/SRV01-INTRANET", "HOST/SRV01-INTRANET", "RestrictedKrbHost/SRV01-INTRANET.factory.lan", "HOST/SRV01-INTRANET.factory.lan"], "enabled": true, "unconstraineddelegation": false, "lastlogon": 1562950142, "lastlogontimestamp": 1562947989, "objectsid": "S-1-5-21-973561226-3767909689-3041734699-1109", "operatingsystem": "Windows Server 2019 Standard Evaluation", "highvalue": false}},{"RemoteDesktopUsers": [], "AllowedToDelegate": [], "DcomUsers": [], "Name": "PC01-DEV.FACTORY.LAN", "LocalAdmins": [], "PrimaryGroup": "DOMAIN COMPUTERS@FACTORY.LAN", "Properties": {"pwdlastset": 1561027330, "domain": "FACTORY.LAN", "description": null, "serviceprincipalnames": ["TERMSRV/PC01-DEV", "TERMSRV/PC01-DEV.factory.lan", "RestrictedKrbHost/PC01-DEV", "HOST/PC01-DEV", "RestrictedKrbHost/PC01-DEV.factory.lan", "HOST/PC01-DEV.factory.lan"], "enabled": true, "unconstraineddelegation": false, "lastlogon": 1562950076, "lastlogontimestamp": 1562061429, "objectsid": "S-1-5-21-973561226-3767909689-3041734699-1108", "operatingsystem": "Windows 10 Pro", "highvalue": false}}],"meta":{"type":"computers","count":3}}