{"domains": [{"ChildOus": [], "Name": "FACTORY.LAN", "Links": [], "Aces": [{"RightName": "Owner", "PrincipalType": "group", "AceType": "", "PrincipalName": "ADMINISTRATORS@FACTORY.LAN"}, {"RightName": "ExtendedRight", "PrincipalType": "group", "AceType": "GetChanges", "PrincipalName": "ENTERPRISE READ-ONLY DOMAIN CONTROLLERS@FACTORY.LAN"}, {"RightName": "ExtendedRight", "PrincipalType": "group", "AceType": "GetChangesAll", "PrincipalName": "DOMAIN CONTROLLERS@FACTORY.LAN"}, {"RightName": "ExtendedRight", "PrincipalType": "group", "AceType": "GetChanges", "PrincipalName": "ADMINISTRATORS@FACTORY.LAN"}, {"RightName": "ExtendedRight", "PrincipalType": "group", "AceType": "GetChangesAll", "PrincipalName": "ADMINISTRATORS@FACTORY.LAN"}, {"RightName": "ExtendedRight", "PrincipalType": "group", "AceType": "GetChanges", "PrincipalName": "ENTERPRISE DOMAIN CONTROLLERS@FACTORY.LAN"}, {"RightName": "GenericWrite", "PrincipalType": "group", "AceType": "", "PrincipalName": "DOMAIN ADMINS@FACTORY.LAN"}, {"RightName": "WriteOwner", "PrincipalType": "group", "AceType": "", "PrincipalName": "DOMAIN ADMINS@FACTORY.LAN"}, {"RightName": "ExtendedRight", "PrincipalType": "group", "AceType": "All", "PrincipalName": "DOMAIN ADMINS@FACTORY.LAN"}, {"RightName": "WriteDacl", "PrincipalType": "group", "AceType": "", "PrincipalName": "DOMAIN ADMINS@FACTORY.LAN"}, {"RightName": "WriteDacl", "PrincipalType": "group", "AceType": "", "PrincipalName": "DOMAIN ADMINS@FACTORY.LAN"}, {"RightName": "GenericAll", "PrincipalType": "group", "AceType": "", "PrincipalName": "ENTERPRISE ADMINS@FACTORY.LAN"}, {"RightName": "GenericWrite", "PrincipalType": "group", "AceType": "", "PrincipalName": "ADMINISTRATORS@FACTORY.LAN"}, {"RightName": "WriteOwner", "PrincipalType": "group", "AceType": "", "PrincipalName": "ADMINISTRATORS@FACTORY.LAN"}, {"RightName": "ExtendedRight", "PrincipalType": "group", "AceType": "All", "PrincipalName": "ADMINISTRATORS@FACTORY.LAN"}, {"RightName": "WriteDacl", "PrincipalType": "group", "AceType": "", "PrincipalName": "ADMINISTRATORS@FACTORY.LAN"}, {"RightName": "WriteDacl", "PrincipalType": "group", "AceType": "", "PrincipalName": "ADMINISTRATORS@FACTORY.LAN"}], "Users": [], "Computers": [], "Properties": {"functionallevel": "2016", "objectsid": "S-1-5-21-973561226-3767909689-3041734699", "description": null, "highvalue": true}, "Trusts": []}], "meta": {"count": 1, "type": "domains"}}