{"groups":[{"Aces": [{"RightName": "Owner", "PrincipalType": "group", "AceType": "", "PrincipalName": "DOMAIN ADMINS@FACTORY.LAN"}, {"RightName": "GenericWrite", "PrincipalType": "group", "AceType": "", "PrincipalName": "DOMAIN ADMINS@FACTORY.LAN"}, {"RightName": "WriteOwner", "PrincipalType": "group", "AceType": "", "PrincipalName": "DOMAIN ADMINS@FACTORY.LAN"}, {"RightName": "WriteDacl", "PrincipalType": "group", "AceType": "", "PrincipalName": "DOMAIN ADMINS@FACTORY.LAN"}, {"RightName": "WriteDacl", "PrincipalType": "group", "AceType": "", "PrincipalName": "DOMAIN ADMINS@FACTORY.LAN"}, {"RightName": "GenericWrite", "PrincipalType": "group", "AceType": "", "PrincipalName": "ENTERPRISE ADMINS@FACTORY.LAN"}, {"RightName": "WriteOwner", "PrincipalType": "group", "AceType": "", "PrincipalName": "ENTERPRISE ADMINS@FACTORY.LAN"}, {"RightName": "WriteDacl", "PrincipalType": "group", "AceType": "", "PrincipalName": "ENTERPRISE ADMINS@FACTORY.LAN"}, {"RightName": "WriteDacl", "PrincipalType": "group", "AceType": "", "PrincipalName": "ENTERPRISE ADMINS@FACTORY.LAN"}, {"RightName": "GenericWrite", "PrincipalType": "group", "AceType": "", "PrincipalName": "ADMINISTRATORS@FACTORY.LAN"}, {"RightName": "WriteOwner", "PrincipalType": "group", "AceType": "", "PrincipalName": "ADMINISTRATORS@FACTORY.LAN"}, {"RightName": "WriteDacl", "PrincipalType": "group", "AceType": "", "PrincipalName": "ADMINISTRATORS@FACTORY.LAN"}, {"RightName": "WriteDacl", "PrincipalType": "group", "AceType": "", "PrincipalName": "ADMINISTRATORS@FACTORY.LAN"}], "Name": "ENTERPRISE KEY ADMINS@FACTORY.LAN", "Members": [], "Properties": {"admincount": true, "domain": "FACTORY.LAN", "objectsid": "S-1-5-21-973561226-3767909689-3041734699-527", "highvalue": false, "description": "Members of this group can perform administrative actions on key objects within the forest."}},{"Aces": [{"RightName": "Owner", "PrincipalType": "group", "AceType": "", "PrincipalName": "DOMAIN ADMINS@FACTORY.LAN"}, {"RightName": "GenericWrite", "PrincipalType": "group", "AceType": "", "PrincipalName": "DOMAIN ADMINS@FACTORY.LAN"}, {"RightName": "WriteOwner", "PrincipalType": "group", "AceType": "", "PrincipalName": "DOMAIN ADMINS@FACTORY.LAN"}, {"RightName": "WriteDacl", "PrincipalType": "group", "AceType": "", "PrincipalName": "DOMAIN ADMINS@FACTORY.LAN"}, {"RightName": "WriteDacl", "PrincipalType": "group", "AceType": "", "PrincipalName": "DOMAIN ADMINS@FACTORY.LAN"}, {"RightName": "GenericWrite", "PrincipalType": "group", "AceType": "", "PrincipalName": "ENTERPRISE ADMINS@FACTORY.LAN"}, {"RightName": "WriteOwner", "PrincipalType": "group", "AceType": "", "PrincipalName": "ENTERPRISE ADMINS@FACTORY.LAN"}, {"RightName": "WriteDacl", "PrincipalType": "group", "AceType": "", "PrincipalName": "ENTERPRISE ADMINS@FACTORY.LAN"}, {"RightName": "WriteDacl", "PrincipalType": "group", "AceType": "", "PrincipalName": "ENTERPRISE ADMINS@FACTORY.LAN"}, {"RightName": "GenericWrite", "PrincipalType": "group", "AceType": "", "PrincipalName": "ADMINISTRATORS@FACTORY.LAN"}, {"RightName": "WriteOwner", "PrincipalType": "group", "AceType": "", "PrincipalName": "ADMINISTRATORS@FACTORY.LAN"}, {"RightName": "WriteDacl", "PrincipalType": "group", "AceType": "", "PrincipalName": "ADMINISTRATORS@FACTORY.LAN"}, {"RightName": "WriteDacl", "PrincipalType": "group", "AceType": "", "PrincipalName": "ADMINISTRATORS@FACTORY.LAN"}], "Name": "KEY ADMINS@FACTORY.LAN", "Members": [], "Properties": {"admincount": true, "domain": "FACTORY.LAN", "objectsid": "S-1-5-21-973561226-3767909689-3041734699-526", "highvalue": false, "description": "Members of this group can perform administrative actions on key objects within the domain."}},{"Aces": [{"RightName": "GenericAll", "PrincipalType": "group", "AceType": "", "PrincipalName": "DOMAIN ADMINS@FACTORY.LAN"}, {"RightName": "GenericAll", "PrincipalType": "group", "AceType": "", "PrincipalName": "ACCOUNT OPERATORS@FACTORY.LAN"}, {"RightName": "GenericAll", "PrincipalType": "group", "AceType": "", "PrincipalName": "ENTERPRISE ADMINS@FACTORY.LAN"}, {"RightName": "GenericWrite", "PrincipalType": "group", "AceType": "", "PrincipalName": "ADMINISTRATORS@FACTORY.LAN"}, {"RightName": "WriteOwner", "PrincipalType": "group", "AceType": "", "PrincipalName": "ADMINISTRATORS@FACTORY.LAN"}, {"RightName": "WriteDacl", "PrincipalType": "group", "AceType": "", "PrincipalName": "ADMINISTRATORS@FACTORY.LAN"}, {"RightName": "WriteDacl", "PrincipalType": "group", "AceType": "", "PrincipalName": "ADMINISTRATORS@FACTORY.LAN"}], "Name": "DNSADMINS@FACTORY.LAN", "Members": [], "Properties": {"admincount": false, "domain": "FACTORY.LAN", "objectsid": "S-1-5-21-973561226-3767909689-3041734699-1101", "highvalue": false, "description": "DNS Administrators Group"}},{"Aces": [{"RightName": "Owner", "PrincipalType": "group", "AceType": "", "PrincipalName": "DOMAIN ADMINS@FACTORY.LAN"}, {"RightName": "GenericAll", "PrincipalType": "group", "AceType": "", "PrincipalName": "DOMAIN ADMINS@FACTORY.LAN"}, {"RightName": "GenericAll", "PrincipalType": "group", "AceType": "", "PrincipalName": "ACCOUNT OPERATORS@FACTORY.LAN"}, {"RightName": "GenericAll", "PrincipalType": "group", "AceType": "", "PrincipalName": "ENTERPRISE ADMINS@FACTORY.LAN"}, {"RightName": "GenericWrite", "PrincipalType": "group", "AceType": "", "PrincipalName": "ADMINISTRATORS@FACTORY.LAN"}, {"RightName": "WriteOwner", "PrincipalType": "group", "AceType": "", "PrincipalName": "ADMINISTRATORS@FACTORY.LAN"}, {"RightName": "WriteDacl", "PrincipalType": "group", "AceType": "", "PrincipalName": "ADMINISTRATORS@FACTORY.LAN"}, {"RightName": "WriteDacl", "PrincipalType": "group", "AceType": "", "PrincipalName": "ADMINISTRATORS@FACTORY.LAN"}], "Name": "PROTECTED USERS@FACTORY.LAN", "Members": [{"MemberName": "ADMINISTRATOR@FACTORY.LAN", "MemberType": "user"}], "Properties": {"admincount": false, "domain": "FACTORY.LAN", "objectsid": "S-1-5-21-973561226-3767909689-3041734699-525", "highvalue": false, "description": "Members of this group are afforded additional protections against authentication security threats. See http://go.microsoft.com/fwlink/?LinkId=298939 for more information."}},{"Aces": [{"RightName": "GenericAll", "PrincipalType": "group", "AceType": "", "PrincipalName": "DOMAIN ADMINS@FACTORY.LAN"}, {"RightName": "GenericAll", "PrincipalType": "group", "AceType": "", "PrincipalName": "ACCOUNT OPERATORS@FACTORY.LAN"}, {"RightName": "GenericAll", "PrincipalType": "group", "AceType": "", "PrincipalName": "ENTERPRISE ADMINS@FACTORY.LAN"}, {"RightName": "GenericWrite", "PrincipalType": "group", "AceType": "", "PrincipalName": "ADMINISTRATORS@FACTORY.LAN"}, {"RightName": "WriteOwner", "PrincipalType": "group", "AceType": "", "PrincipalName": "ADMINISTRATORS@FACTORY.LAN"}, {"RightName": "WriteDacl", "PrincipalType": "group", "AceType": "", "PrincipalName": "ADMINISTRATORS@FACTORY.LAN"}, {"RightName": "WriteDacl", "PrincipalType": "group", "AceType": "", "PrincipalName": "ADMINISTRATORS@FACTORY.LAN"}], "Name": "DNSUPDATEPROXY@FACTORY.LAN", "Members": [], "Properties": {"admincount": false, "domain": "FACTORY.LAN", "objectsid": "S-1-5-21-973561226-3767909689-3041734699-1102", "highvalue": false, "description": "DNS clients who are permitted to perform dynamic updates on behalf of some other clients (such as DHCP servers)."}},{"Aces": [{"RightName": "Owner", "PrincipalType": "group", "AceType": "", "PrincipalName": "DOMAIN ADMINS@FACTORY.LAN"}, {"RightName": "GenericAll", "PrincipalType": "group", "AceType": "", "PrincipalName": "DOMAIN ADMINS@FACTORY.LAN"}, {"RightName": "GenericAll", "PrincipalType": "group", "AceType": "", "PrincipalName": "ACCOUNT OPERATORS@FACTORY.LAN"}, {"RightName": "GenericAll", "PrincipalType": "group", "AceType": "", "PrincipalName": "ENTERPRISE ADMINS@FACTORY.LAN"}, {"RightName": "GenericWrite", "PrincipalType": "group", "AceType": "", "PrincipalName": "ADMINISTRATORS@FACTORY.LAN"}, {"RightName": "WriteOwner", "PrincipalType": "group", "AceType": "", "PrincipalName": "ADMINISTRATORS@FACTORY.LAN"}, {"RightName": "WriteDacl", "PrincipalType": "group", "AceType": "", "PrincipalName": "ADMINISTRATORS@FACTORY.LAN"}, {"RightName": "WriteDacl", "PrincipalType": "group", "AceType": "", "PrincipalName": "ADMINISTRATORS@FACTORY.LAN"}], "Name": "CLONEABLE DOMAIN CONTROLLERS@FACTORY.LAN", "Members": [], "Properties": {"admincount": false, "domain": "FACTORY.LAN", "objectsid": "S-1-5-21-973561226-3767909689-3041734699-522", "highvalue": false, "description": "Members of this group that are domain controllers may be cloned."}},{"Aces": [{"RightName": "Owner", "PrincipalType": "group", "AceType": "", "PrincipalName": "DOMAIN ADMINS@FACTORY.LAN"}, {"RightName": "GenericWrite", "PrincipalType": "group", "AceType": "", "PrincipalName": "DOMAIN ADMINS@FACTORY.LAN"}, {"RightName": "WriteOwner", "PrincipalType": "group", "AceType": "", "PrincipalName": "DOMAIN ADMINS@FACTORY.LAN"}, {"RightName": "WriteDacl", "PrincipalType": "group", "AceType": "", "PrincipalName": "DOMAIN ADMINS@FACTORY.LAN"}, {"RightName": "WriteDacl", "PrincipalType": "group", "AceType": "", "PrincipalName": "DOMAIN ADMINS@FACTORY.LAN"}, {"RightName": "GenericWrite", "PrincipalType": "group", "AceType": "", "PrincipalName": "ENTERPRISE ADMINS@FACTORY.LAN"}, {"RightName": "WriteOwner", "PrincipalType": "group", "AceType": "", "PrincipalName": "ENTERPRISE ADMINS@FACTORY.LAN"}, {"RightName": "WriteDacl", "PrincipalType": "group", "AceType": "", "PrincipalName": "ENTERPRISE ADMINS@FACTORY.LAN"}, {"RightName": "WriteDacl", "PrincipalType": "group", "AceType": "", "PrincipalName": "ENTERPRISE ADMINS@FACTORY.LAN"}, {"RightName": "GenericWrite", "PrincipalType": "group", "AceType": "", "PrincipalName": "ADMINISTRATORS@FACTORY.LAN"}, {"RightName": "WriteOwner", "PrincipalType": "group", "AceType": "", "PrincipalName": "ADMINISTRATORS@FACTORY.LAN"}, {"RightName": "WriteDacl", "PrincipalType": "group", "AceType": "", "PrincipalName": "ADMINISTRATORS@FACTORY.LAN"}, {"RightName": "WriteDacl", "PrincipalType": "group", "AceType": "", "PrincipalName": "ADMINISTRATORS@FACTORY.LAN"}], "Name": "READ-ONLY DOMAIN CONTROLLERS@FACTORY.LAN", "Members": [], "Properties": {"admincount": true, "domain": "FACTORY.LAN", "objectsid": "S-1-5-21-973561226-3767909689-3041734699-521", "highvalue": false, "description": "Members of this group are Read-Only Domain Controllers in the domain"}},{"Aces": [{"RightName": "Owner", "PrincipalType": "group", "AceType": "", "PrincipalName": "DOMAIN ADMINS@FACTORY.LAN"}, {"RightName": "GenericAll", "PrincipalType": "group", "AceType": "", "PrincipalName": "DOMAIN ADMINS@FACTORY.LAN"}, {"RightName": "GenericAll", "PrincipalType": "group", "AceType": "", "PrincipalName": "ACCOUNT OPERATORS@FACTORY.LAN"}, {"RightName": "GenericAll", "PrincipalType": "group", "AceType": "", "PrincipalName": "ENTERPRISE ADMINS@FACTORY.LAN"}, {"RightName": "GenericWrite", "PrincipalType": "group", "AceType": "", "PrincipalName": "ADMINISTRATORS@FACTORY.LAN"}, {"RightName": "WriteOwner", "PrincipalType": "group", "AceType": "", "PrincipalName": "ADMINISTRATORS@FACTORY.LAN"}, {"RightName": "WriteDacl", "PrincipalType": "group", "AceType": "", "PrincipalName": "ADMINISTRATORS@FACTORY.LAN"}, {"RightName": "WriteDacl", "PrincipalType": "group", "AceType": "", "PrincipalName": "ADMINISTRATORS@FACTORY.LAN"}], "Name": "ENTERPRISE READ-ONLY DOMAIN CONTROLLERS@FACTORY.LAN", "Members": [], "Properties": {"admincount": false, "domain": "FACTORY.LAN", "objectsid": "S-1-5-21-973561226-3767909689-3041734699-498", "highvalue": false, "description": "Members of this group are Read-Only Domain Controllers in the enterprise"}},{"Aces": [{"RightName": "Owner", "PrincipalType": "group", "AceType": "", "PrincipalName": "DOMAIN ADMINS@FACTORY.LAN"}, {"RightName": "GenericAll", "PrincipalType": "group", "AceType": "", "PrincipalName": "DOMAIN ADMINS@FACTORY.LAN"}, {"RightName": "GenericAll", "PrincipalType": "group", "AceType": "", "PrincipalName": "ACCOUNT OPERATORS@FACTORY.LAN"}, {"RightName": "GenericAll", "PrincipalType": "group", "AceType": "", "PrincipalName": "ENTERPRISE ADMINS@FACTORY.LAN"}, {"RightName": "GenericWrite", "PrincipalType": "group", "AceType": "", "PrincipalName": "ADMINISTRATORS@FACTORY.LAN"}, {"RightName": "WriteOwner", "PrincipalType": "group", "AceType": "", "PrincipalName": "ADMINISTRATORS@FACTORY.LAN"}, {"RightName": "WriteDacl", "PrincipalType": "group", "AceType": "", "PrincipalName": "ADMINISTRATORS@FACTORY.LAN"}, {"RightName": "WriteDacl", "PrincipalType": "group", "AceType": "", "PrincipalName": "ADMINISTRATORS@FACTORY.LAN"}], "Name": "TERMINAL SERVER LICENSE SERVERS@FACTORY.LAN", "Members": [], "Properties": {"admincount": false, "domain": "FACTORY.LAN", "objectsid": "S-1-5-32-561", "highvalue": false, "description": "Members of this group can update user accounts in Active Directory with information about license issuance, for the purpose of tracking and reporting TS Per User CAL usage"}},{"Aces": [{"RightName": "Owner", "PrincipalType": "group", "AceType": "", "PrincipalName": "DOMAIN ADMINS@FACTORY.LAN"}, {"RightName": "GenericAll", "PrincipalType": "group", "AceType": "", "PrincipalName": "DOMAIN ADMINS@FACTORY.LAN"}, {"RightName": "GenericAll", "PrincipalType": "group", "AceType": "", "PrincipalName": "ACCOUNT OPERATORS@FACTORY.LAN"}, {"RightName": "GenericAll", "PrincipalType": "group", "AceType": "", "PrincipalName": "ENTERPRISE ADMINS@FACTORY.LAN"}, {"RightName": "GenericWrite", "PrincipalType": "group", "AceType": "", "PrincipalName": "ADMINISTRATORS@FACTORY.LAN"}, {"RightName": "WriteOwner", "PrincipalType": "group", "AceType": "", "PrincipalName": "ADMINISTRATORS@FACTORY.LAN"}, {"RightName": "WriteDacl", "PrincipalType": "group", "AceType": "", "PrincipalName": "ADMINISTRATORS@FACTORY.LAN"}, {"RightName": "WriteDacl", "PrincipalType": "group", "AceType": "", "PrincipalName": "ADMINISTRATORS@FACTORY.LAN"}], "Name": "DENIED RODC PASSWORD REPLICATION GROUP@FACTORY.LAN", "Members": [{"MemberName": "READ-ONLY DOMAIN CONTROLLERS@FACTORY.LAN", "MemberType": "group"}, {"MemberName": "GROUP POLICY CREATOR OWNERS@FACTORY.LAN", "MemberType": "group"}, {"MemberName": "DOMAIN ADMINS@FACTORY.LAN", "MemberType": "group"}, {"MemberName": "CERT PUBLISHERS@FACTORY.LAN", "MemberType": "group"}, {"MemberName": "ENTERPRISE ADMINS@FACTORY.LAN", "MemberType": "group"}, {"MemberName": "SCHEMA ADMINS@FACTORY.LAN", "MemberType": "group"}, {"MemberName": "DOMAIN CONTROLLERS@FACTORY.LAN", "MemberType": "group"}, {"MemberName": "KRBTGT@FACTORY.LAN", "MemberType": "user"}], "Properties": {"admincount": false, "domain": "FACTORY.LAN", "objectsid": "S-1-5-21-973561226-3767909689-3041734699-572", "highvalue": false, "description": "Members in this group cannot have their passwords replicated to any read-only domain controllers in the domain"}},{"Aces": [{"RightName": "Owner", "PrincipalType": "group", "AceType": "", "PrincipalName": "DOMAIN ADMINS@FACTORY.LAN"}, {"RightName": "GenericAll", "PrincipalType": "group", "AceType": "", "PrincipalName": "DOMAIN ADMINS@FACTORY.LAN"}, {"RightName": "GenericAll", "PrincipalType": "group", "AceType": "", "PrincipalName": "ACCOUNT OPERATORS@FACTORY.LAN"}, {"RightName": "GenericAll", "PrincipalType": "group", "AceType": "", "PrincipalName": "ENTERPRISE ADMINS@FACTORY.LAN"}, {"RightName": "GenericWrite", "PrincipalType": "group", "AceType": "", "PrincipalName": "ADMINISTRATORS@FACTORY.LAN"}, {"RightName": "WriteOwner", "PrincipalType": "group", "AceType": "", "PrincipalName": "ADMINISTRATORS@FACTORY.LAN"}, {"RightName": "WriteDacl", "PrincipalType": "group", "AceType": "", "PrincipalName": "ADMINISTRATORS@FACTORY.LAN"}, {"RightName": "WriteDacl", "PrincipalType": "group", "AceType": "", "PrincipalName": "ADMINISTRATORS@FACTORY.LAN"}], "Name": "ALLOWED RODC PASSWORD REPLICATION GROUP@FACTORY.LAN", "Members": [], "Properties": {"admincount": false, "domain": "FACTORY.LAN", "objectsid": "S-1-5-21-973561226-3767909689-3041734699-571", "highvalue": false, "description": "Members in this group can have their passwords replicated to all read-only domain controllers in the domain"}},{"Aces": [{"RightName": "Owner", "PrincipalType": "group", "AceType": "", "PrincipalName": "DOMAIN ADMINS@FACTORY.LAN"}, {"RightName": "GenericAll", "PrincipalType": "group", "AceType": "", "PrincipalName": "DOMAIN ADMINS@FACTORY.LAN"}, {"RightName": "GenericAll", "PrincipalType": "group", "AceType": "", "PrincipalName": "ACCOUNT OPERATORS@FACTORY.LAN"}, {"RightName": "GenericAll", "PrincipalType": "group", "AceType": "", "PrincipalName": "ENTERPRISE ADMINS@FACTORY.LAN"}, {"RightName": "GenericWrite", "PrincipalType": "group", "AceType": "", "PrincipalName": "ADMINISTRATORS@FACTORY.LAN"}, {"RightName": "WriteOwner", "PrincipalType": "group", "AceType": "", "PrincipalName": "ADMINISTRATORS@FACTORY.LAN"}, {"RightName": "WriteDacl", "PrincipalType": "group", "AceType": "", "PrincipalName": "ADMINISTRATORS@FACTORY.LAN"}, {"RightName": "WriteDacl", "PrincipalType": "group", "AceType": "", "PrincipalName": "ADMINISTRATORS@FACTORY.LAN"}], "Name": "WINDOWS AUTHORIZATION ACCESS GROUP@FACTORY.LAN", "Members": [{"MemberName": "ENTERPRISE DOMAIN CONTROLLERS@FACTORY.LAN", "MemberType": "group"}], "Properties": {"admincount": false, "domain": "FACTORY.LAN", "objectsid": "S-1-5-32-560", "highvalue": false, "description": "Members of this group have access to the computed tokenGroupsGlobalAndUniversal attribute on User objects"}},{"Aces": [{"RightName": "Owner", "PrincipalType": "group", "AceType": "", "PrincipalName": "DOMAIN ADMINS@FACTORY.LAN"}, {"RightName": "GenericAll", "PrincipalType": "group", "AceType": "", "PrincipalName": "DOMAIN ADMINS@FACTORY.LAN"}, {"RightName": "GenericAll", "PrincipalType": "group", "AceType": "", "PrincipalName": "ACCOUNT OPERATORS@FACTORY.LAN"}, {"RightName": "GenericAll", "PrincipalType": "group", "AceType": "", "PrincipalName": "ENTERPRISE ADMINS@FACTORY.LAN"}, {"RightName": "GenericWrite", "PrincipalType": "group", "AceType": "", "PrincipalName": "ADMINISTRATORS@FACTORY.LAN"}, {"RightName": "WriteOwner", "PrincipalType": "group", "AceType": "", "PrincipalName": "ADMINISTRATORS@FACTORY.LAN"}, {"RightName": "WriteDacl", "PrincipalType": "group", "AceType": "", "PrincipalName": "ADMINISTRATORS@FACTORY.LAN"}, {"RightName": "WriteDacl", "PrincipalType": "group", "AceType": "", "PrincipalName": "ADMINISTRATORS@FACTORY.LAN"}], "Name": "INCOMING FOREST TRUST BUILDERS@FACTORY.LAN", "Members": [], "Properties": {"admincount": false, "domain": "FACTORY.LAN", "objectsid": "S-1-5-32-557", "highvalue": false, "description": "Members of this group can create incoming, one-way trusts to this forest"}},{"Aces": [{"RightName": "Owner", "PrincipalType": "group", "AceType": "", "PrincipalName": "DOMAIN ADMINS@FACTORY.LAN"}, {"RightName": "GenericWrite", "PrincipalType": "group", "AceType": "", "PrincipalName": "DOMAIN ADMINS@FACTORY.LAN"}, {"RightName": "WriteOwner", "PrincipalType": "group", "AceType": "", "PrincipalName": "DOMAIN ADMINS@FACTORY.LAN"}, {"RightName": "WriteDacl", "PrincipalType": "group", "AceType": "", "PrincipalName": "DOMAIN ADMINS@FACTORY.LAN"}, {"RightName": "WriteDacl", "PrincipalType": "group", "AceType": "", "PrincipalName": "DOMAIN ADMINS@FACTORY.LAN"}, {"RightName": "GenericWrite", "PrincipalType": "group", "AceType": "", "PrincipalName": "ENTERPRISE ADMINS@FACTORY.LAN"}, {"RightName": "WriteOwner", "PrincipalType": "group", "AceType": "", "PrincipalName": "ENTERPRISE ADMINS@FACTORY.LAN"}, {"RightName": "WriteDacl", "PrincipalType": "group", "AceType": "", "PrincipalName": "ENTERPRISE ADMINS@FACTORY.LAN"}, {"RightName": "WriteDacl", "PrincipalType": "group", "AceType": "", "PrincipalName": "ENTERPRISE ADMINS@FACTORY.LAN"}, {"RightName": "GenericWrite", "PrincipalType": "group", "AceType": "", "PrincipalName": "ADMINISTRATORS@FACTORY.LAN"}, {"RightName": "WriteOwner", "PrincipalType": "group", "AceType": "", "PrincipalName": "ADMINISTRATORS@FACTORY.LAN"}, {"RightName": "WriteDacl", "PrincipalType": "group", "AceType": "", "PrincipalName": "ADMINISTRATORS@FACTORY.LAN"}, {"RightName": "WriteDacl", "PrincipalType": "group", "AceType": "", "PrincipalName": "ADMINISTRATORS@FACTORY.LAN"}], "Name": "ACCOUNT OPERATORS@FACTORY.LAN", "Members": [], "Properties": {"admincount": true, "domain": "FACTORY.LAN", "objectsid": "S-1-5-32-548", "highvalue": true, "description": "Members can administer domain user and group accounts"}},{"Aces": [{"RightName": "Owner", "PrincipalType": "group", "AceType": "", "PrincipalName": "DOMAIN ADMINS@FACTORY.LAN"}, {"RightName": "GenericAll", "PrincipalType": "group", "AceType": "", "PrincipalName": "DOMAIN ADMINS@FACTORY.LAN"}, {"RightName": "GenericAll", "PrincipalType": "group", "AceType": "", "PrincipalName": "ACCOUNT OPERATORS@FACTORY.LAN"}, {"RightName": "GenericAll", "PrincipalType": "group", "AceType": "", "PrincipalName": "ENTERPRISE ADMINS@FACTORY.LAN"}, {"RightName": "GenericWrite", "PrincipalType": "group", "AceType": "", "PrincipalName": "ADMINISTRATORS@FACTORY.LAN"}, {"RightName": "WriteOwner", "PrincipalType": "group", "AceType": "", "PrincipalName": "ADMINISTRATORS@FACTORY.LAN"}, {"RightName": "WriteDacl", "PrincipalType": "group", "AceType": "", "PrincipalName": "ADMINISTRATORS@FACTORY.LAN"}, {"RightName": "WriteDacl", "PrincipalType": "group", "AceType": "", "PrincipalName": "ADMINISTRATORS@FACTORY.LAN"}], "Name": "RAS AND IAS SERVERS@FACTORY.LAN", "Members": [], "Properties": {"admincount": false, "domain": "FACTORY.LAN", "objectsid": "S-1-5-21-973561226-3767909689-3041734699-553", "highvalue": false, "description": "Servers in this group can access remote access properties of users"}},{"Aces": [{"RightName": "Owner", "PrincipalType": "group", "AceType": "", "PrincipalName": "DOMAIN ADMINS@FACTORY.LAN"}, {"RightName": "GenericWrite", "PrincipalType": "group", "AceType": "", "PrincipalName": "DOMAIN ADMINS@FACTORY.LAN"}, {"RightName": "WriteOwner", "PrincipalType": "group", "AceType": "", "PrincipalName": "DOMAIN ADMINS@FACTORY.LAN"}, {"RightName": "WriteDacl", "PrincipalType": "group", "AceType": "", "PrincipalName": "DOMAIN ADMINS@FACTORY.LAN"}, {"RightName": "WriteDacl", "PrincipalType": "group", "AceType": "", "PrincipalName": "DOMAIN ADMINS@FACTORY.LAN"}, {"RightName": "GenericWrite", "PrincipalType": "group", "AceType": "", "PrincipalName": "ENTERPRISE ADMINS@FACTORY.LAN"}, {"RightName": "WriteOwner", "PrincipalType": "group", "AceType": "", "PrincipalName": "ENTERPRISE ADMINS@FACTORY.LAN"}, {"RightName": "WriteDacl", "PrincipalType": "group", "AceType": "", "PrincipalName": "ENTERPRISE ADMINS@FACTORY.LAN"}, {"RightName": "WriteDacl", "PrincipalType": "group", "AceType": "", "PrincipalName": "ENTERPRISE ADMINS@FACTORY.LAN"}, {"RightName": "GenericWrite", "PrincipalType": "group", "AceType": "", "PrincipalName": "ADMINISTRATORS@FACTORY.LAN"}, {"RightName": "WriteOwner", "PrincipalType": "group", "AceType": "", "PrincipalName": "ADMINISTRATORS@FACTORY.LAN"}, {"RightName": "WriteDacl", "PrincipalType": "group", "AceType": "", "PrincipalName": "ADMINISTRATORS@FACTORY.LAN"}, {"RightName": "WriteDacl", "PrincipalType": "group", "AceType": "", "PrincipalName": "ADMINISTRATORS@FACTORY.LAN"}], "Name": "SERVER OPERATORS@FACTORY.LAN", "Members": [], "Properties": {"admincount": true, "domain": "FACTORY.LAN", "objectsid": "S-1-5-32-549", "highvalue": true, "description": "Members can administer domain servers"}},{"Aces": [{"RightName": "Owner", "PrincipalType": "group", "AceType": "", "PrincipalName": "DOMAIN ADMINS@FACTORY.LAN"}, {"RightName": "GenericWrite", "PrincipalType": "group", "AceType": "", "PrincipalName": "DOMAIN ADMINS@FACTORY.LAN"}, {"RightName": "WriteOwner", "PrincipalType": "group", "AceType": "", "PrincipalName": "DOMAIN ADMINS@FACTORY.LAN"}, {"RightName": "WriteDacl", "PrincipalType": "group", "AceType": "", "PrincipalName": "DOMAIN ADMINS@FACTORY.LAN"}, {"RightName": "WriteDacl", "PrincipalType": "group", "AceType": "", "PrincipalName": "DOMAIN ADMINS@FACTORY.LAN"}, {"RightName": "GenericWrite", "PrincipalType": "group", "AceType": "", "PrincipalName": "ENTERPRISE ADMINS@FACTORY.LAN"}, {"RightName": "WriteOwner", "PrincipalType": "group", "AceType": "", "PrincipalName": "ENTERPRISE ADMINS@FACTORY.LAN"}, {"RightName": "WriteDacl", "PrincipalType": "group", "AceType": "", "PrincipalName": "ENTERPRISE ADMINS@FACTORY.LAN"}, {"RightName": "WriteDacl", "PrincipalType": "group", "AceType": "", "PrincipalName": "ENTERPRISE ADMINS@FACTORY.LAN"}, {"RightName": "GenericWrite", "PrincipalType": "group", "AceType": "", "PrincipalName": "ADMINISTRATORS@FACTORY.LAN"}, {"RightName": "WriteOwner", "PrincipalType": "group", "AceType": "", "PrincipalName": "ADMINISTRATORS@FACTORY.LAN"}, {"RightName": "WriteDacl", "PrincipalType": "group", "AceType": "", "PrincipalName": "ADMINISTRATORS@FACTORY.LAN"}, {"RightName": "WriteDacl", "PrincipalType": "group", "AceType": "", "PrincipalName": "ADMINISTRATORS@FACTORY.LAN"}], "Name": "DOMAIN ADMINS@FACTORY.LAN", "Members": [{"MemberName": "HELLO@FACTORY.LAN", "MemberType": "user"}, {"MemberName": "ADMINISTRATOR@FACTORY.LAN", "MemberType": "user"}], "Properties": {"admincount": true, "domain": "FACTORY.LAN", "objectsid": "S-1-5-21-973561226-3767909689-3041734699-512", "highvalue": true, "description": "Designated administrators of the domain"}},{"Aces": [{"RightName": "Owner", "PrincipalType": "group", "AceType": "", "PrincipalName": "DOMAIN ADMINS@FACTORY.LAN"}, {"RightName": "GenericAll", "PrincipalType": "group", "AceType": "", "PrincipalName": "DOMAIN ADMINS@FACTORY.LAN"}, {"RightName": "GenericAll", "PrincipalType": "group", "AceType": "", "PrincipalName": "ACCOUNT OPERATORS@FACTORY.LAN"}, {"RightName": "GenericAll", "PrincipalType": "group", "AceType": "", "PrincipalName": "ENTERPRISE ADMINS@FACTORY.LAN"}, {"RightName": "GenericWrite", "PrincipalType": "group", "AceType": "", "PrincipalName": "ADMINISTRATORS@FACTORY.LAN"}, {"RightName": "WriteOwner", "PrincipalType": "group", "AceType": "", "PrincipalName": "ADMINISTRATORS@FACTORY.LAN"}, {"RightName": "WriteDacl", "PrincipalType": "group", "AceType": "", "PrincipalName": "ADMINISTRATORS@FACTORY.LAN"}, {"RightName": "WriteDacl", "PrincipalType": "group", "AceType": "", "PrincipalName": "ADMINISTRATORS@FACTORY.LAN"}], "Name": "CERT PUBLISHERS@FACTORY.LAN", "Members": [], "Properties": {"admincount": false, "domain": "FACTORY.LAN", "objectsid": "S-1-5-21-973561226-3767909689-3041734699-517", "highvalue": false, "description": "Members of this group are permitted to publish certificates to the directory"}},{"Aces": [{"RightName": "Owner", "PrincipalType": "group", "AceType": "", "PrincipalName": "DOMAIN ADMINS@FACTORY.LAN"}, {"RightName": "GenericAll", "PrincipalType": "group", "AceType": "", "PrincipalName": "DOMAIN ADMINS@FACTORY.LAN"}, {"RightName": "GenericAll", "PrincipalType": "group", "AceType": "", "PrincipalName": "ACCOUNT OPERATORS@FACTORY.LAN"}, {"RightName": "GenericAll", "PrincipalType": "group", "AceType": "", "PrincipalName": "ENTERPRISE ADMINS@FACTORY.LAN"}, {"RightName": "GenericWrite", "PrincipalType": "group", "AceType": "", "PrincipalName": "ADMINISTRATORS@FACTORY.LAN"}, {"RightName": "WriteOwner", "PrincipalType": "group", "AceType": "", "PrincipalName": "ADMINISTRATORS@FACTORY.LAN"}, {"RightName": "WriteDacl", "PrincipalType": "group", "AceType": "", "PrincipalName": "ADMINISTRATORS@FACTORY.LAN"}, {"RightName": "WriteDacl", "PrincipalType": "group", "AceType": "", "PrincipalName": "ADMINISTRATORS@FACTORY.LAN"}], "Name": "PRE-WINDOWS 2000 COMPATIBLE ACCESS@FACTORY.LAN", "Members": [{"MemberName": "AUTHENTICATED USERS@FACTORY.LAN", "MemberType": "group"}], "Properties": {"admincount": false, "domain": "FACTORY.LAN", "objectsid": "S-1-5-32-554", "highvalue": false, "description": "A backward compatibility group which allows read access on all users and groups in the domain"}},{"Aces": [{"RightName": "Owner", "PrincipalType": "group", "AceType": "", "PrincipalName": "DOMAIN ADMINS@FACTORY.LAN"}, {"RightName": "GenericAll", "PrincipalType": "group", "AceType": "", "PrincipalName": "DOMAIN ADMINS@FACTORY.LAN"}, {"RightName": "GenericAll", "PrincipalType": "group", "AceType": "", "PrincipalName": "ACCOUNT OPERATORS@FACTORY.LAN"}, {"RightName": "GenericAll", "PrincipalType": "group", "AceType": "", "PrincipalName": "ENTERPRISE ADMINS@FACTORY.LAN"}, {"RightName": "GenericWrite", "PrincipalType": "group", "AceType": "", "PrincipalName": "ADMINISTRATORS@FACTORY.LAN"}, {"RightName": "WriteOwner", "PrincipalType": "group", "AceType": "", "PrincipalName": "ADMINISTRATORS@FACTORY.LAN"}, {"RightName": "WriteDacl", "PrincipalType": "group", "AceType": "", "PrincipalName": "ADMINISTRATORS@FACTORY.LAN"}, {"RightName": "WriteDacl", "PrincipalType": "group", "AceType": "", "PrincipalName": "ADMINISTRATORS@FACTORY.LAN"}], "Name": "GROUP POLICY CREATOR OWNERS@FACTORY.LAN", "Members": [{"MemberName": "ADMINISTRATOR@FACTORY.LAN", "MemberType": "user"}], "Properties": {"admincount": false, "domain": "FACTORY.LAN", "objectsid": "S-1-5-21-973561226-3767909689-3041734699-520", "highvalue": true, "description": "Members in this group can modify group policy for the domain"}},{"Aces": [{"RightName": "Owner", "PrincipalType": "group", "AceType": "", "PrincipalName": "DOMAIN ADMINS@FACTORY.LAN"}, {"RightName": "GenericAll", "PrincipalType": "group", "AceType": "", "PrincipalName": "DOMAIN ADMINS@FACTORY.LAN"}, {"RightName": "GenericAll", "PrincipalType": "group", "AceType": "", "PrincipalName": "ACCOUNT OPERATORS@FACTORY.LAN"}, {"RightName": "GenericAll", "PrincipalType": "group", "AceType": "", "PrincipalName": "ENTERPRISE ADMINS@FACTORY.LAN"}, {"RightName": "GenericWrite", "PrincipalType": "group", "AceType": "", "PrincipalName": "ADMINISTRATORS@FACTORY.LAN"}, {"RightName": "WriteOwner", "PrincipalType": "group", "AceType": "", "PrincipalName": "ADMINISTRATORS@FACTORY.LAN"}, {"RightName": "WriteDacl", "PrincipalType": "group", "AceType": "", "PrincipalName": "ADMINISTRATORS@FACTORY.LAN"}, {"RightName": "WriteDacl", "PrincipalType": "group", "AceType": "", "PrincipalName": "ADMINISTRATORS@FACTORY.LAN"}], "Name": "DOMAIN USERS@FACTORY.LAN", "Members": [], "Properties": {"admincount": false, "domain": "FACTORY.LAN", "objectsid": "S-1-5-21-973561226-3767909689-3041734699-513", "highvalue": false, "description": "All domain users"}},{"Aces": [{"RightName": "Owner", "PrincipalType": "group", "AceType": "", "PrincipalName": "DOMAIN ADMINS@FACTORY.LAN"}, {"RightName": "GenericAll", "PrincipalType": "group", "AceType": "", "PrincipalName": "DOMAIN ADMINS@FACTORY.LAN"}, {"RightName": "GenericAll", "PrincipalType": "group", "AceType": "", "PrincipalName": "ACCOUNT OPERATORS@FACTORY.LAN"}, {"RightName": "GenericAll", "PrincipalType": "group", "AceType": "", "PrincipalName": "ENTERPRISE ADMINS@FACTORY.LAN"}, {"RightName": "GenericWrite", "PrincipalType": "group", "AceType": "", "PrincipalName": "ADMINISTRATORS@FACTORY.LAN"}, {"RightName": "WriteOwner", "PrincipalType": "group", "AceType": "", "PrincipalName": "ADMINISTRATORS@FACTORY.LAN"}, {"RightName": "WriteDacl", "PrincipalType": "group", "AceType": "", "PrincipalName": "ADMINISTRATORS@FACTORY.LAN"}, {"RightName": "WriteDacl", "PrincipalType": "group", "AceType": "", "PrincipalName": "ADMINISTRATORS@FACTORY.LAN"}], "Name": "DOMAIN COMPUTERS@FACTORY.LAN", "Members": [], "Properties": {"admincount": false, "domain": "FACTORY.LAN", "objectsid": "S-1-5-21-973561226-3767909689-3041734699-515", "highvalue": false, "description": "All workstations and servers joined to the domain"}},{"Aces": [{"RightName": "Owner", "PrincipalType": "group", "AceType": "", "PrincipalName": "DOMAIN ADMINS@FACTORY.LAN"}, {"RightName": "GenericWrite", "PrincipalType": "group", "AceType": "", "PrincipalName": "DOMAIN ADMINS@FACTORY.LAN"}, {"RightName": "WriteOwner", "PrincipalType": "group", "AceType": "", "PrincipalName": "DOMAIN ADMINS@FACTORY.LAN"}, {"RightName": "WriteDacl", "PrincipalType": "group", "AceType": "", "PrincipalName": "DOMAIN ADMINS@FACTORY.LAN"}, {"RightName": "WriteDacl", "PrincipalType": "group", "AceType": "", "PrincipalName": "DOMAIN ADMINS@FACTORY.LAN"}, {"RightName": "GenericWrite", "PrincipalType": "group", "AceType": "", "PrincipalName": "ENTERPRISE ADMINS@FACTORY.LAN"}, {"RightName": "WriteOwner", "PrincipalType": "group", "AceType": "", "PrincipalName": "ENTERPRISE ADMINS@FACTORY.LAN"}, {"RightName": "WriteDacl", "PrincipalType": "group", "AceType": "", "PrincipalName": "ENTERPRISE ADMINS@FACTORY.LAN"}, {"RightName": "WriteDacl", "PrincipalType": "group", "AceType": "", "PrincipalName": "ENTERPRISE ADMINS@FACTORY.LAN"}, {"RightName": "GenericWrite", "PrincipalType": "group", "AceType": "", "PrincipalName": "ADMINISTRATORS@FACTORY.LAN"}, {"RightName": "WriteOwner", "PrincipalType": "group", "AceType": "", "PrincipalName": "ADMINISTRATORS@FACTORY.LAN"}, {"RightName": "WriteDacl", "PrincipalType": "group", "AceType": "", "PrincipalName": "ADMINISTRATORS@FACTORY.LAN"}, {"RightName": "WriteDacl", "PrincipalType": "group", "AceType": "", "PrincipalName": "ADMINISTRATORS@FACTORY.LAN"}], "Name": "DOMAIN CONTROLLERS@FACTORY.LAN", "Members": [], "Properties": {"admincount": true, "domain": "FACTORY.LAN", "objectsid": "S-1-5-21-973561226-3767909689-3041734699-516", "highvalue": true, "description": "All domain controllers in the domain"}},{"Aces": [{"RightName": "Owner", "PrincipalType": "group", "AceType": "", "PrincipalName": "ADMINISTRATORS@FACTORY.LAN"}, {"RightName": "GenericAll", "PrincipalType": "group", "AceType": "", "PrincipalName": "DOMAIN ADMINS@FACTORY.LAN"}, {"RightName": "GenericAll", "PrincipalType": "group", "AceType": "", "PrincipalName": "ACCOUNT OPERATORS@FACTORY.LAN"}, {"RightName": "GenericAll", "PrincipalType": "group", "AceType": "", "PrincipalName": "ENTERPRISE ADMINS@FACTORY.LAN"}, {"RightName": "GenericWrite", "PrincipalType": "group", "AceType": "", "PrincipalName": "ADMINISTRATORS@FACTORY.LAN"}, {"RightName": "WriteOwner", "PrincipalType": "group", "AceType": "", "PrincipalName": "ADMINISTRATORS@FACTORY.LAN"}, {"RightName": "WriteDacl", "PrincipalType": "group", "AceType": "", "PrincipalName": "ADMINISTRATORS@FACTORY.LAN"}, {"RightName": "WriteDacl", "PrincipalType": "group", "AceType": "", "PrincipalName": "ADMINISTRATORS@FACTORY.LAN"}], "Name": "REMOTE MANAGEMENT USERS@FACTORY.LAN", "Members": [], "Properties": {"admincount": false, "domain": "FACTORY.LAN", "objectsid": "S-1-5-32-580", "highvalue": false, "description": "Members of this group can access WMI resources over management protocols (such as WS-Management via the Windows Remote Management service). This applies only to WMI namespaces that grant access to the user."}},{"Aces": [{"RightName": "Owner", "PrincipalType": "group", "AceType": "", "PrincipalName": "DOMAIN ADMINS@FACTORY.LAN"}, {"RightName": "GenericWrite", "PrincipalType": "group", "AceType": "", "PrincipalName": "DOMAIN ADMINS@FACTORY.LAN"}, {"RightName": "WriteOwner", "PrincipalType": "group", "AceType": "", "PrincipalName": "DOMAIN ADMINS@FACTORY.LAN"}, {"RightName": "WriteDacl", "PrincipalType": "group", "AceType": "", "PrincipalName": "DOMAIN ADMINS@FACTORY.LAN"}, {"RightName": "WriteDacl", "PrincipalType": "group", "AceType": "", "PrincipalName": "DOMAIN ADMINS@FACTORY.LAN"}, {"RightName": "GenericWrite", "PrincipalType": "group", "AceType": "", "PrincipalName": "ENTERPRISE ADMINS@FACTORY.LAN"}, {"RightName": "WriteOwner", "PrincipalType": "group", "AceType": "", "PrincipalName": "ENTERPRISE ADMINS@FACTORY.LAN"}, {"RightName": "WriteDacl", "PrincipalType": "group", "AceType": "", "PrincipalName": "ENTERPRISE ADMINS@FACTORY.LAN"}, {"RightName": "WriteDacl", "PrincipalType": "group", "AceType": "", "PrincipalName": "ENTERPRISE ADMINS@FACTORY.LAN"}, {"RightName": "GenericWrite", "PrincipalType": "group", "AceType": "", "PrincipalName": "ADMINISTRATORS@FACTORY.LAN"}, {"RightName": "WriteOwner", "PrincipalType": "group", "AceType": "", "PrincipalName": "ADMINISTRATORS@FACTORY.LAN"}, {"RightName": "WriteDacl", "PrincipalType": "group", "AceType": "", "PrincipalName": "ADMINISTRATORS@FACTORY.LAN"}, {"RightName": "WriteDacl", "PrincipalType": "group", "AceType": "", "PrincipalName": "ADMINISTRATORS@FACTORY.LAN"}], "Name": "SCHEMA ADMINS@FACTORY.LAN", "Members": [{"MemberName": "ADMINISTRATOR@FACTORY.LAN", "MemberType": "user"}], "Properties": {"admincount": true, "domain": "FACTORY.LAN", "objectsid": "S-1-5-21-973561226-3767909689-3041734699-518", "highvalue": false, "description": "Designated administrators of the schema"}},{"Aces": [{"RightName": "Owner", "PrincipalType": "group", "AceType": "", "PrincipalName": "DOMAIN ADMINS@FACTORY.LAN"}, {"RightName": "GenericAll", "PrincipalType": "group", "AceType": "", "PrincipalName": "DOMAIN ADMINS@FACTORY.LAN"}, {"RightName": "GenericAll", "PrincipalType": "group", "AceType": "", "PrincipalName": "ACCOUNT OPERATORS@FACTORY.LAN"}, {"RightName": "GenericAll", "PrincipalType": "group", "AceType": "", "PrincipalName": "ENTERPRISE ADMINS@FACTORY.LAN"}, {"RightName": "GenericWrite", "PrincipalType": "group", "AceType": "", "PrincipalName": "ADMINISTRATORS@FACTORY.LAN"}, {"RightName": "WriteOwner", "PrincipalType": "group", "AceType": "", "PrincipalName": "ADMINISTRATORS@FACTORY.LAN"}, {"RightName": "WriteDacl", "PrincipalType": "group", "AceType": "", "PrincipalName": "ADMINISTRATORS@FACTORY.LAN"}, {"RightName": "WriteDacl", "PrincipalType": "group", "AceType": "", "PrincipalName": "ADMINISTRATORS@FACTORY.LAN"}], "Name": "DOMAIN GUESTS@FACTORY.LAN", "Members": [], "Properties": {"admincount": false, "domain": "FACTORY.LAN", "objectsid": "S-1-5-21-973561226-3767909689-3041734699-514", "highvalue": false, "description": "All domain guests"}},{"Aces": [{"RightName": "Owner", "PrincipalType": "group", "AceType": "", "PrincipalName": "ADMINISTRATORS@FACTORY.LAN"}, {"RightName": "GenericAll", "PrincipalType": "group", "AceType": "", "PrincipalName": "DOMAIN ADMINS@FACTORY.LAN"}, {"RightName": "GenericAll", "PrincipalType": "group", "AceType": "", "PrincipalName": "ACCOUNT OPERATORS@FACTORY.LAN"}, {"RightName": "GenericAll", "PrincipalType": "group", "AceType": "", "PrincipalName": "ENTERPRISE ADMINS@FACTORY.LAN"}, {"RightName": "GenericWrite", "PrincipalType": "group", "AceType": "", "PrincipalName": "ADMINISTRATORS@FACTORY.LAN"}, {"RightName": "WriteOwner", "PrincipalType": "group", "AceType": "", "PrincipalName": "ADMINISTRATORS@FACTORY.LAN"}, {"RightName": "WriteDacl", "PrincipalType": "group", "AceType": "", "PrincipalName": "ADMINISTRATORS@FACTORY.LAN"}, {"RightName": "WriteDacl", "PrincipalType": "group", "AceType": "", "PrincipalName": "ADMINISTRATORS@FACTORY.LAN"}], "Name": "STORAGE REPLICA ADMINISTRATORS@FACTORY.LAN", "Members": [], "Properties": {"admincount": false, "domain": "FACTORY.LAN", "objectsid": "S-1-5-32-582", "highvalue": false, "description": "Members of this group have complete and unrestricted access to all features of Storage Replica."}},{"Aces": [{"RightName": "Owner", "PrincipalType": "group", "AceType": "", "PrincipalName": "ADMINISTRATORS@FACTORY.LAN"}, {"RightName": "GenericAll", "PrincipalType": "group", "AceType": "", "PrincipalName": "DOMAIN ADMINS@FACTORY.LAN"}, {"RightName": "GenericAll", "PrincipalType": "group", "AceType": "", "PrincipalName": "ACCOUNT OPERATORS@FACTORY.LAN"}, {"RightName": "GenericAll", "PrincipalType": "group", "AceType": "", "PrincipalName": "ENTERPRISE ADMINS@FACTORY.LAN"}, {"RightName": "GenericWrite", "PrincipalType": "group", "AceType": "", "PrincipalName": "ADMINISTRATORS@FACTORY.LAN"}, {"RightName": "WriteOwner", "PrincipalType": "group", "AceType": "", "PrincipalName": "ADMINISTRATORS@FACTORY.LAN"}, {"RightName": "WriteDacl", "PrincipalType": "group", "AceType": "", "PrincipalName": "ADMINISTRATORS@FACTORY.LAN"}, {"RightName": "WriteDacl", "PrincipalType": "group", "AceType": "", "PrincipalName": "ADMINISTRATORS@FACTORY.LAN"}], "Name": "HYPER-V ADMINISTRATORS@FACTORY.LAN", "Members": [], "Properties": {"admincount": false, "domain": "FACTORY.LAN", "objectsid": "S-1-5-32-578", "highvalue": false, "description": "Members of this group have complete and unrestricted access to all features of Hyper-V."}},{"Aces": [{"RightName": "Owner", "PrincipalType": "group", "AceType": "", "PrincipalName": "ADMINISTRATORS@FACTORY.LAN"}, {"RightName": "GenericAll", "PrincipalType": "group", "AceType": "", "PrincipalName": "DOMAIN ADMINS@FACTORY.LAN"}, {"RightName": "GenericAll", "PrincipalType": "group", "AceType": "", "PrincipalName": "ACCOUNT OPERATORS@FACTORY.LAN"}, {"RightName": "GenericAll", "PrincipalType": "group", "AceType": "", "PrincipalName": "ENTERPRISE ADMINS@FACTORY.LAN"}, {"RightName": "GenericWrite", "PrincipalType": "group", "AceType": "", "PrincipalName": "ADMINISTRATORS@FACTORY.LAN"}, {"RightName": "WriteOwner", "PrincipalType": "group", "AceType": "", "PrincipalName": "ADMINISTRATORS@FACTORY.LAN"}, {"RightName": "WriteDacl", "PrincipalType": "group", "AceType": "", "PrincipalName": "ADMINISTRATORS@FACTORY.LAN"}, {"RightName": "WriteDacl", "PrincipalType": "group", "AceType": "", "PrincipalName": "ADMINISTRATORS@FACTORY.LAN"}], "Name": "ACCESS CONTROL ASSISTANCE OPERATORS@FACTORY.LAN", "Members": [], "Properties": {"admincount": false, "domain": "FACTORY.LAN", "objectsid": "S-1-5-32-579", "highvalue": false, "description": "Members of this group can remotely query authorization attributes and permissions for resources on this computer."}},{"Aces": [{"RightName": "Owner", "PrincipalType": "group", "AceType": "", "PrincipalName": "ADMINISTRATORS@FACTORY.LAN"}, {"RightName": "GenericAll", "PrincipalType": "group", "AceType": "", "PrincipalName": "DOMAIN ADMINS@FACTORY.LAN"}, {"RightName": "GenericAll", "PrincipalType": "group", "AceType": "", "PrincipalName": "ACCOUNT OPERATORS@FACTORY.LAN"}, {"RightName": "GenericAll", "PrincipalType": "group", "AceType": "", "PrincipalName": "ENTERPRISE ADMINS@FACTORY.LAN"}, {"RightName": "GenericWrite", "PrincipalType": "group", "AceType": "", "PrincipalName": "ADMINISTRATORS@FACTORY.LAN"}, {"RightName": "WriteOwner", "PrincipalType": "group", "AceType": "", "PrincipalName": "ADMINISTRATORS@FACTORY.LAN"}, {"RightName": "WriteDacl", "PrincipalType": "group", "AceType": "", "PrincipalName": "ADMINISTRATORS@FACTORY.LAN"}, {"RightName": "WriteDacl", "PrincipalType": "group", "AceType": "", "PrincipalName": "ADMINISTRATORS@FACTORY.LAN"}], "Name": "RDS ENDPOINT SERVERS@FACTORY.LAN", "Members": [], "Properties": {"admincount": false, "domain": "FACTORY.LAN", "objectsid": "S-1-5-32-576", "highvalue": false, "description": "Servers in this group run virtual machines and host sessions where users RemoteApp programs and personal virtual desktops run. This group needs to be populated on servers running RD Connection Broker. RD Session Host servers and RD Virtualization Host servers used in the deployment need to be in this group."}},{"Aces": [{"RightName": "Owner", "PrincipalType": "group", "AceType": "", "PrincipalName": "ADMINISTRATORS@FACTORY.LAN"}, {"RightName": "GenericAll", "PrincipalType": "group", "AceType": "", "PrincipalName": "DOMAIN ADMINS@FACTORY.LAN"}, {"RightName": "GenericAll", "PrincipalType": "group", "AceType": "", "PrincipalName": "ACCOUNT OPERATORS@FACTORY.LAN"}, {"RightName": "GenericAll", "PrincipalType": "group", "AceType": "", "PrincipalName": "ENTERPRISE ADMINS@FACTORY.LAN"}, {"RightName": "GenericWrite", "PrincipalType": "group", "AceType": "", "PrincipalName": "ADMINISTRATORS@FACTORY.LAN"}, {"RightName": "WriteOwner", "PrincipalType": "group", "AceType": "", "PrincipalName": "ADMINISTRATORS@FACTORY.LAN"}, {"RightName": "WriteDacl", "PrincipalType": "group", "AceType": "", "PrincipalName": "ADMINISTRATORS@FACTORY.LAN"}, {"RightName": "WriteDacl", "PrincipalType": "group", "AceType": "", "PrincipalName": "ADMINISTRATORS@FACTORY.LAN"}], "Name": "RDS REMOTE ACCESS SERVERS@FACTORY.LAN", "Members": [], "Properties": {"admincount": false, "domain": "FACTORY.LAN", "objectsid": "S-1-5-32-575", "highvalue": false, "description": "Servers in this group enable users of RemoteApp programs and personal virtual desktops access to these resources. In Internet-facing deployments, these servers are typically deployed in an edge network. This group needs to be populated on servers running RD Connection Broker. RD Gateway servers and RD Web Access servers used in the deployment need to be in this group."}},{"Aces": [{"RightName": "Owner", "PrincipalType": "group", "AceType": "", "PrincipalName": "ADMINISTRATORS@FACTORY.LAN"}, {"RightName": "GenericAll", "PrincipalType": "group", "AceType": "", "PrincipalName": "DOMAIN ADMINS@FACTORY.LAN"}, {"RightName": "GenericAll", "PrincipalType": "group", "AceType": "", "PrincipalName": "ACCOUNT OPERATORS@FACTORY.LAN"}, {"RightName": "GenericAll", "PrincipalType": "group", "AceType": "", "PrincipalName": "ENTERPRISE ADMINS@FACTORY.LAN"}, {"RightName": "GenericWrite", "PrincipalType": "group", "AceType": "", "PrincipalName": "ADMINISTRATORS@FACTORY.LAN"}, {"RightName": "WriteOwner", "PrincipalType": "group", "AceType": "", "PrincipalName": "ADMINISTRATORS@FACTORY.LAN"}, {"RightName": "WriteDacl", "PrincipalType": "group", "AceType": "", "PrincipalName": "ADMINISTRATORS@FACTORY.LAN"}, {"RightName": "WriteDacl", "PrincipalType": "group", "AceType": "", "PrincipalName": "ADMINISTRATORS@FACTORY.LAN"}], "Name": "CRYPTOGRAPHIC OPERATORS@FACTORY.LAN", "Members": [], "Properties": {"admincount": false, "domain": "FACTORY.LAN", "objectsid": "S-1-5-32-569", "highvalue": false, "description": "Members are authorized to perform cryptographic operations."}},{"Aces": [{"RightName": "Owner", "PrincipalType": "group", "AceType": "", "PrincipalName": "ADMINISTRATORS@FACTORY.LAN"}, {"RightName": "GenericAll", "PrincipalType": "group", "AceType": "", "PrincipalName": "DOMAIN ADMINS@FACTORY.LAN"}, {"RightName": "GenericAll", "PrincipalType": "group", "AceType": "", "PrincipalName": "ACCOUNT OPERATORS@FACTORY.LAN"}, {"RightName": "GenericAll", "PrincipalType": "group", "AceType": "", "PrincipalName": "ENTERPRISE ADMINS@FACTORY.LAN"}, {"RightName": "GenericWrite", "PrincipalType": "group", "AceType": "", "PrincipalName": "ADMINISTRATORS@FACTORY.LAN"}, {"RightName": "WriteOwner", "PrincipalType": "group", "AceType": "", "PrincipalName": "ADMINISTRATORS@FACTORY.LAN"}, {"RightName": "WriteDacl", "PrincipalType": "group", "AceType": "", "PrincipalName": "ADMINISTRATORS@FACTORY.LAN"}, {"RightName": "WriteDacl", "PrincipalType": "group", "AceType": "", "PrincipalName": "ADMINISTRATORS@FACTORY.LAN"}], "Name": "CERTIFICATE SERVICE DCOM ACCESS@FACTORY.LAN", "Members": [], "Properties": {"admincount": false, "domain": "FACTORY.LAN", "objectsid": "S-1-5-32-574", "highvalue": false, "description": "Members of this group are allowed to connect to Certification Authorities in the enterprise"}},{"Aces": [{"RightName": "Owner", "PrincipalType": "group", "AceType": "", "PrincipalName": "ADMINISTRATORS@FACTORY.LAN"}, {"RightName": "GenericAll", "PrincipalType": "group", "AceType": "", "PrincipalName": "DOMAIN ADMINS@FACTORY.LAN"}, {"RightName": "GenericAll", "PrincipalType": "group", "AceType": "", "PrincipalName": "ACCOUNT OPERATORS@FACTORY.LAN"}, {"RightName": "GenericAll", "PrincipalType": "group", "AceType": "", "PrincipalName": "ENTERPRISE ADMINS@FACTORY.LAN"}, {"RightName": "GenericWrite", "PrincipalType": "group", "AceType": "", "PrincipalName": "ADMINISTRATORS@FACTORY.LAN"}, {"RightName": "WriteOwner", "PrincipalType": "group", "AceType": "", "PrincipalName": "ADMINISTRATORS@FACTORY.LAN"}, {"RightName": "WriteDacl", "PrincipalType": "group", "AceType": "", "PrincipalName": "ADMINISTRATORS@FACTORY.LAN"}, {"RightName": "WriteDacl", "PrincipalType": "group", "AceType": "", "PrincipalName": "ADMINISTRATORS@FACTORY.LAN"}], "Name": "RDS MANAGEMENT SERVERS@FACTORY.LAN", "Members": [], "Properties": {"admincount": false, "domain": "FACTORY.LAN", "objectsid": "S-1-5-32-577", "highvalue": false, "description": "Servers in this group can perform routine administrative actions on servers running Remote Desktop Services. This group needs to be populated on all servers in a Remote Desktop Services deployment. The servers running the RDS Central Management service must be included in this group."}},{"Aces": [{"RightName": "Owner", "PrincipalType": "group", "AceType": "", "PrincipalName": "ADMINISTRATORS@FACTORY.LAN"}, {"RightName": "GenericAll", "PrincipalType": "group", "AceType": "", "PrincipalName": "DOMAIN ADMINS@FACTORY.LAN"}, {"RightName": "GenericAll", "PrincipalType": "group", "AceType": "", "PrincipalName": "ACCOUNT OPERATORS@FACTORY.LAN"}, {"RightName": "GenericAll", "PrincipalType": "group", "AceType": "", "PrincipalName": "ENTERPRISE ADMINS@FACTORY.LAN"}, {"RightName": "GenericWrite", "PrincipalType": "group", "AceType": "", "PrincipalName": "ADMINISTRATORS@FACTORY.LAN"}, {"RightName": "WriteOwner", "PrincipalType": "group", "AceType": "", "PrincipalName": "ADMINISTRATORS@FACTORY.LAN"}, {"RightName": "WriteDacl", "PrincipalType": "group", "AceType": "", "PrincipalName": "ADMINISTRATORS@FACTORY.LAN"}, {"RightName": "WriteDacl", "PrincipalType": "group", "AceType": "", "PrincipalName": "ADMINISTRATORS@FACTORY.LAN"}], "Name": "EVENT LOG READERS@FACTORY.LAN", "Members": [], "Properties": {"admincount": false, "domain": "FACTORY.LAN", "objectsid": "S-1-5-32-573", "highvalue": false, "description": "Members of this group can read event logs from local machine"}},{"Aces": [{"RightName": "Owner", "PrincipalType": "group", "AceType": "", "PrincipalName": "DOMAIN ADMINS@FACTORY.LAN"}, {"RightName": "GenericWrite", "PrincipalType": "group", "AceType": "", "PrincipalName": "DOMAIN ADMINS@FACTORY.LAN"}, {"RightName": "WriteOwner", "PrincipalType": "group", "AceType": "", "PrincipalName": "DOMAIN ADMINS@FACTORY.LAN"}, {"RightName": "WriteDacl", "PrincipalType": "group", "AceType": "", "PrincipalName": "DOMAIN ADMINS@FACTORY.LAN"}, {"RightName": "WriteDacl", "PrincipalType": "group", "AceType": "", "PrincipalName": "DOMAIN ADMINS@FACTORY.LAN"}, {"RightName": "GenericWrite", "PrincipalType": "group", "AceType": "", "PrincipalName": "ENTERPRISE ADMINS@FACTORY.LAN"}, {"RightName": "WriteOwner", "PrincipalType": "group", "AceType": "", "PrincipalName": "ENTERPRISE ADMINS@FACTORY.LAN"}, {"RightName": "WriteDacl", "PrincipalType": "group", "AceType": "", "PrincipalName": "ENTERPRISE ADMINS@FACTORY.LAN"}, {"RightName": "WriteDacl", "PrincipalType": "group", "AceType": "", "PrincipalName": "ENTERPRISE ADMINS@FACTORY.LAN"}, {"RightName": "GenericWrite", "PrincipalType": "group", "AceType": "", "PrincipalName": "ADMINISTRATORS@FACTORY.LAN"}, {"RightName": "WriteOwner", "PrincipalType": "group", "AceType": "", "PrincipalName": "ADMINISTRATORS@FACTORY.LAN"}, {"RightName": "WriteDacl", "PrincipalType": "group", "AceType": "", "PrincipalName": "ADMINISTRATORS@FACTORY.LAN"}, {"RightName": "WriteDacl", "PrincipalType": "group", "AceType": "", "PrincipalName": "ADMINISTRATORS@FACTORY.LAN"}], "Name": "ENTERPRISE ADMINS@FACTORY.LAN", "Members": [{"MemberName": "ADMINISTRATOR@FACTORY.LAN", "MemberType": "user"}], "Properties": {"admincount": true, "domain": "FACTORY.LAN", "objectsid": "S-1-5-21-973561226-3767909689-3041734699-519", "highvalue": true, "description": "Designated administrators of the enterprise"}},{"Aces": [{"RightName": "Owner", "PrincipalType": "group", "AceType": "", "PrincipalName": "ADMINISTRATORS@FACTORY.LAN"}, {"RightName": "GenericAll", "PrincipalType": "group", "AceType": "", "PrincipalName": "DOMAIN ADMINS@FACTORY.LAN"}, {"RightName": "GenericAll", "PrincipalType": "group", "AceType": "", "PrincipalName": "ACCOUNT OPERATORS@FACTORY.LAN"}, {"RightName": "GenericAll", "PrincipalType": "group", "AceType": "", "PrincipalName": "ENTERPRISE ADMINS@FACTORY.LAN"}, {"RightName": "GenericWrite", "PrincipalType": "group", "AceType": "", "PrincipalName": "ADMINISTRATORS@FACTORY.LAN"}, {"RightName": "WriteOwner", "PrincipalType": "group", "AceType": "", "PrincipalName": "ADMINISTRATORS@FACTORY.LAN"}, {"RightName": "WriteDacl", "PrincipalType": "group", "AceType": "", "PrincipalName": "ADMINISTRATORS@FACTORY.LAN"}, {"RightName": "WriteDacl", "PrincipalType": "group", "AceType": "", "PrincipalName": "ADMINISTRATORS@FACTORY.LAN"}], "Name": "PERFORMANCE MONITOR USERS@FACTORY.LAN", "Members": [], "Properties": {"admincount": false, "domain": "FACTORY.LAN", "objectsid": "S-1-5-32-558", "highvalue": false, "description": "Members of this group can access performance counter data locally and remotely"}},{"Aces": [{"RightName": "Owner", "PrincipalType": "group", "AceType": "", "PrincipalName": "DOMAIN ADMINS@FACTORY.LAN"}, {"RightName": "GenericWrite", "PrincipalType": "group", "AceType": "", "PrincipalName": "DOMAIN ADMINS@FACTORY.LAN"}, {"RightName": "WriteOwner", "PrincipalType": "group", "AceType": "", "PrincipalName": "DOMAIN ADMINS@FACTORY.LAN"}, {"RightName": "WriteDacl", "PrincipalType": "group", "AceType": "", "PrincipalName": "DOMAIN ADMINS@FACTORY.LAN"}, {"RightName": "WriteDacl", "PrincipalType": "group", "AceType": "", "PrincipalName": "DOMAIN ADMINS@FACTORY.LAN"}, {"RightName": "GenericWrite", "PrincipalType": "group", "AceType": "", "PrincipalName": "ENTERPRISE ADMINS@FACTORY.LAN"}, {"RightName": "WriteOwner", "PrincipalType": "group", "AceType": "", "PrincipalName": "ENTERPRISE ADMINS@FACTORY.LAN"}, {"RightName": "WriteDacl", "PrincipalType": "group", "AceType": "", "PrincipalName": "ENTERPRISE ADMINS@FACTORY.LAN"}, {"RightName": "WriteDacl", "PrincipalType": "group", "AceType": "", "PrincipalName": "ENTERPRISE ADMINS@FACTORY.LAN"}, {"RightName": "GenericWrite", "PrincipalType": "group", "AceType": "", "PrincipalName": "ADMINISTRATORS@FACTORY.LAN"}, {"RightName": "WriteOwner", "PrincipalType": "group", "AceType": "", "PrincipalName": "ADMINISTRATORS@FACTORY.LAN"}, {"RightName": "WriteDacl", "PrincipalType": "group", "AceType": "", "PrincipalName": "ADMINISTRATORS@FACTORY.LAN"}, {"RightName": "WriteDacl", "PrincipalType": "group", "AceType": "", "PrincipalName": "ADMINISTRATORS@FACTORY.LAN"}], "Name": "BACKUP OPERATORS@FACTORY.LAN", "Members": [], "Properties": {"admincount": true, "domain": "FACTORY.LAN", "objectsid": "S-1-5-32-551", "highvalue": true, "description": "Backup Operators can override security restrictions for the sole purpose of backing up or restoring files"}},{"Aces": [{"RightName": "Owner", "PrincipalType": "group", "AceType": "", "PrincipalName": "ADMINISTRATORS@FACTORY.LAN"}, {"RightName": "GenericAll", "PrincipalType": "group", "AceType": "", "PrincipalName": "DOMAIN ADMINS@FACTORY.LAN"}, {"RightName": "GenericAll", "PrincipalType": "group", "AceType": "", "PrincipalName": "ACCOUNT OPERATORS@FACTORY.LAN"}, {"RightName": "GenericAll", "PrincipalType": "group", "AceType": "", "PrincipalName": "ENTERPRISE ADMINS@FACTORY.LAN"}, {"RightName": "GenericWrite", "PrincipalType": "group", "AceType": "", "PrincipalName": "ADMINISTRATORS@FACTORY.LAN"}, {"RightName": "WriteOwner", "PrincipalType": "group", "AceType": "", "PrincipalName": "ADMINISTRATORS@FACTORY.LAN"}, {"RightName": "WriteDacl", "PrincipalType": "group", "AceType": "", "PrincipalName": "ADMINISTRATORS@FACTORY.LAN"}, {"RightName": "WriteDacl", "PrincipalType": "group", "AceType": "", "PrincipalName": "ADMINISTRATORS@FACTORY.LAN"}], "Name": "IIS_IUSRS@FACTORY.LAN", "Members": [{"MemberName": "THIS ORGANIZATION @FACTORY.LAN", "MemberType": "group"}], "Properties": {"admincount": false, "domain": "FACTORY.LAN", "objectsid": "S-1-5-32-568", "highvalue": false, "description": "Built-in group used by Internet Information Services."}},{"Aces": [{"RightName": "Owner", "PrincipalType": "group", "AceType": "", "PrincipalName": "DOMAIN ADMINS@FACTORY.LAN"}, {"RightName": "GenericWrite", "PrincipalType": "group", "AceType": "", "PrincipalName": "DOMAIN ADMINS@FACTORY.LAN"}, {"RightName": "WriteOwner", "PrincipalType": "group", "AceType": "", "PrincipalName": "DOMAIN ADMINS@FACTORY.LAN"}, {"RightName": "WriteDacl", "PrincipalType": "group", "AceType": "", "PrincipalName": "DOMAIN ADMINS@FACTORY.LAN"}, {"RightName": "WriteDacl", "PrincipalType": "group", "AceType": "", "PrincipalName": "DOMAIN ADMINS@FACTORY.LAN"}, {"RightName": "GenericWrite", "PrincipalType": "group", "AceType": "", "PrincipalName": "ENTERPRISE ADMINS@FACTORY.LAN"}, {"RightName": "WriteOwner", "PrincipalType": "group", "AceType": "", "PrincipalName": "ENTERPRISE ADMINS@FACTORY.LAN"}, {"RightName": "WriteDacl", "PrincipalType": "group", "AceType": "", "PrincipalName": "ENTERPRISE ADMINS@FACTORY.LAN"}, {"RightName": "WriteDacl", "PrincipalType": "group", "AceType": "", "PrincipalName": "ENTERPRISE ADMINS@FACTORY.LAN"}, {"RightName": "GenericWrite", "PrincipalType": "group", "AceType": "", "PrincipalName": "ADMINISTRATORS@FACTORY.LAN"}, {"RightName": "WriteOwner", "PrincipalType": "group", "AceType": "", "PrincipalName": "ADMINISTRATORS@FACTORY.LAN"}, {"RightName": "WriteDacl", "PrincipalType": "group", "AceType": "", "PrincipalName": "ADMINISTRATORS@FACTORY.LAN"}, {"RightName": "WriteDacl", "PrincipalType": "group", "AceType": "", "PrincipalName": "ADMINISTRATORS@FACTORY.LAN"}], "Name": "REPLICATOR@FACTORY.LAN", "Members": [], "Properties": {"admincount": true, "domain": "FACTORY.LAN", "objectsid": "S-1-5-32-552", "highvalue": false, "description": "Supports file replication in a domain"}},{"Aces": [{"RightName": "Owner", "PrincipalType": "group", "AceType": "", "PrincipalName": "ADMINISTRATORS@FACTORY.LAN"}, {"RightName": "GenericAll", "PrincipalType": "group", "AceType": "", "PrincipalName": "DOMAIN ADMINS@FACTORY.LAN"}, {"RightName": "GenericAll", "PrincipalType": "group", "AceType": "", "PrincipalName": "ACCOUNT OPERATORS@FACTORY.LAN"}, {"RightName": "GenericAll", "PrincipalType": "group", "AceType": "", "PrincipalName": "ENTERPRISE ADMINS@FACTORY.LAN"}, {"RightName": "GenericWrite", "PrincipalType": "group", "AceType": "", "PrincipalName": "ADMINISTRATORS@FACTORY.LAN"}, {"RightName": "WriteOwner", "PrincipalType": "group", "AceType": "", "PrincipalName": "ADMINISTRATORS@FACTORY.LAN"}, {"RightName": "WriteDacl", "PrincipalType": "group", "AceType": "", "PrincipalName": "ADMINISTRATORS@FACTORY.LAN"}, {"RightName": "WriteDacl", "PrincipalType": "group", "AceType": "", "PrincipalName": "ADMINISTRATORS@FACTORY.LAN"}], "Name": "PERFORMANCE LOG USERS@FACTORY.LAN", "Members": [], "Properties": {"admincount": false, "domain": "FACTORY.LAN", "objectsid": "S-1-5-32-559", "highvalue": false, "description": "Members of this group may schedule logging of performance counters, enable trace providers, and collect event traces both locally and via remote access to this computer"}},{"Aces": [{"RightName": "Owner", "PrincipalType": "group", "AceType": "", "PrincipalName": "ADMINISTRATORS@FACTORY.LAN"}, {"RightName": "GenericAll", "PrincipalType": "group", "AceType": "", "PrincipalName": "DOMAIN ADMINS@FACTORY.LAN"}, {"RightName": "GenericAll", "PrincipalType": "group", "AceType": "", "PrincipalName": "ACCOUNT OPERATORS@FACTORY.LAN"}, {"RightName": "GenericAll", "PrincipalType": "group", "AceType": "", "PrincipalName": "ENTERPRISE ADMINS@FACTORY.LAN"}, {"RightName": "GenericWrite", "PrincipalType": "group", "AceType": "", "PrincipalName": "ADMINISTRATORS@FACTORY.LAN"}, {"RightName": "WriteOwner", "PrincipalType": "group", "AceType": "", "PrincipalName": "ADMINISTRATORS@FACTORY.LAN"}, {"RightName": "WriteDacl", "PrincipalType": "group", "AceType": "", "PrincipalName": "ADMINISTRATORS@FACTORY.LAN"}, {"RightName": "WriteDacl", "PrincipalType": "group", "AceType": "", "PrincipalName": "ADMINISTRATORS@FACTORY.LAN"}], "Name": "NETWORK CONFIGURATION OPERATORS@FACTORY.LAN", "Members": [], "Properties": {"admincount": false, "domain": "FACTORY.LAN", "objectsid": "S-1-5-32-556", "highvalue": false, "description": "Members in this group can have some administrative privileges to manage configuration of networking features"}},{"Aces": [{"RightName": "Owner", "PrincipalType": "group", "AceType": "", "PrincipalName": "DOMAIN ADMINS@FACTORY.LAN"}, {"RightName": "GenericWrite", "PrincipalType": "group", "AceType": "", "PrincipalName": "DOMAIN ADMINS@FACTORY.LAN"}, {"RightName": "WriteOwner", "PrincipalType": "group", "AceType": "", "PrincipalName": "DOMAIN ADMINS@FACTORY.LAN"}, {"RightName": "WriteDacl", "PrincipalType": "group", "AceType": "", "PrincipalName": "DOMAIN ADMINS@FACTORY.LAN"}, {"RightName": "WriteDacl", "PrincipalType": "group", "AceType": "", "PrincipalName": "DOMAIN ADMINS@FACTORY.LAN"}, {"RightName": "GenericWrite", "PrincipalType": "group", "AceType": "", "PrincipalName": "ENTERPRISE ADMINS@FACTORY.LAN"}, {"RightName": "WriteOwner", "PrincipalType": "group", "AceType": "", "PrincipalName": "ENTERPRISE ADMINS@FACTORY.LAN"}, {"RightName": "WriteDacl", "PrincipalType": "group", "AceType": "", "PrincipalName": "ENTERPRISE ADMINS@FACTORY.LAN"}, {"RightName": "WriteDacl", "PrincipalType": "group", "AceType": "", "PrincipalName": "ENTERPRISE ADMINS@FACTORY.LAN"}, {"RightName": "GenericWrite", "PrincipalType": "group", "AceType": "", "PrincipalName": "ADMINISTRATORS@FACTORY.LAN"}, {"RightName": "WriteOwner", "PrincipalType": "group", "AceType": "", "PrincipalName": "ADMINISTRATORS@FACTORY.LAN"}, {"RightName": "WriteDacl", "PrincipalType": "group", "AceType": "", "PrincipalName": "ADMINISTRATORS@FACTORY.LAN"}, {"RightName": "WriteDacl", "PrincipalType": "group", "AceType": "", "PrincipalName": "ADMINISTRATORS@FACTORY.LAN"}], "Name": "PRINT OPERATORS@FACTORY.LAN", "Members": [], "Properties": {"admincount": true, "domain": "FACTORY.LAN", "objectsid": "S-1-5-32-550", "highvalue": true, "description": "Members can administer printers installed on domain controllers"}},{"Aces": [{"RightName": "Owner", "PrincipalType": "group", "AceType": "", "PrincipalName": "ADMINISTRATORS@FACTORY.LAN"}, {"RightName": "GenericAll", "PrincipalType": "group", "AceType": "", "PrincipalName": "DOMAIN ADMINS@FACTORY.LAN"}, {"RightName": "GenericAll", "PrincipalType": "group", "AceType": "", "PrincipalName": "ACCOUNT OPERATORS@FACTORY.LAN"}, {"RightName": "GenericAll", "PrincipalType": "group", "AceType": "", "PrincipalName": "ENTERPRISE ADMINS@FACTORY.LAN"}, {"RightName": "GenericWrite", "PrincipalType": "group", "AceType": "", "PrincipalName": "ADMINISTRATORS@FACTORY.LAN"}, {"RightName": "WriteOwner", "PrincipalType": "group", "AceType": "", "PrincipalName": "ADMINISTRATORS@FACTORY.LAN"}, {"RightName": "WriteDacl", "PrincipalType": "group", "AceType": "", "PrincipalName": "ADMINISTRATORS@FACTORY.LAN"}, {"RightName": "WriteDacl", "PrincipalType": "group", "AceType": "", "PrincipalName": "ADMINISTRATORS@FACTORY.LAN"}], "Name": "REMOTE DESKTOP USERS@FACTORY.LAN", "Members": [], "Properties": {"admincount": false, "domain": "FACTORY.LAN", "objectsid": "S-1-5-32-555", "highvalue": false, "description": "Members in this group are granted the right to logon remotely"}},{"Aces": [{"RightName": "Owner", "PrincipalType": "group", "AceType": "", "PrincipalName": "ADMINISTRATORS@FACTORY.LAN"}, {"RightName": "GenericAll", "PrincipalType": "group", "AceType": "", "PrincipalName": "DOMAIN ADMINS@FACTORY.LAN"}, {"RightName": "GenericAll", "PrincipalType": "group", "AceType": "", "PrincipalName": "ACCOUNT OPERATORS@FACTORY.LAN"}, {"RightName": "GenericAll", "PrincipalType": "group", "AceType": "", "PrincipalName": "ENTERPRISE ADMINS@FACTORY.LAN"}, {"RightName": "GenericWrite", "PrincipalType": "group", "AceType": "", "PrincipalName": "ADMINISTRATORS@FACTORY.LAN"}, {"RightName": "WriteOwner", "PrincipalType": "group", "AceType": "", "PrincipalName": "ADMINISTRATORS@FACTORY.LAN"}, {"RightName": "WriteDacl", "PrincipalType": "group", "AceType": "", "PrincipalName": "ADMINISTRATORS@FACTORY.LAN"}, {"RightName": "WriteDacl", "PrincipalType": "group", "AceType": "", "PrincipalName": "ADMINISTRATORS@FACTORY.LAN"}], "Name": "DISTRIBUTED COM USERS@FACTORY.LAN", "Members": [], "Properties": {"admincount": false, "domain": "FACTORY.LAN", "objectsid": "S-1-5-32-562", "highvalue": false, "description": "Members are allowed to launch, activate and use Distributed COM objects on this machine."}},{"Aces": [{"RightName": "Owner", "PrincipalType": "group", "AceType": "", "PrincipalName": "DOMAIN ADMINS@FACTORY.LAN"}, {"RightName": "GenericWrite", "PrincipalType": "group", "AceType": "", "PrincipalName": "DOMAIN ADMINS@FACTORY.LAN"}, {"RightName": "WriteOwner", "PrincipalType": "group", "AceType": "", "PrincipalName": "DOMAIN ADMINS@FACTORY.LAN"}, {"RightName": "WriteDacl", "PrincipalType": "group", "AceType": "", "PrincipalName": "DOMAIN ADMINS@FACTORY.LAN"}, {"RightName": "WriteDacl", "PrincipalType": "group", "AceType": "", "PrincipalName": "DOMAIN ADMINS@FACTORY.LAN"}, {"RightName": "GenericWrite", "PrincipalType": "group", "AceType": "", "PrincipalName": "ENTERPRISE ADMINS@FACTORY.LAN"}, {"RightName": "WriteOwner", "PrincipalType": "group", "AceType": "", "PrincipalName": "ENTERPRISE ADMINS@FACTORY.LAN"}, {"RightName": "WriteDacl", "PrincipalType": "group", "AceType": "", "PrincipalName": "ENTERPRISE ADMINS@FACTORY.LAN"}, {"RightName": "WriteDacl", "PrincipalType": "group", "AceType": "", "PrincipalName": "ENTERPRISE ADMINS@FACTORY.LAN"}, {"RightName": "GenericWrite", "PrincipalType": "group", "AceType": "", "PrincipalName": "ADMINISTRATORS@FACTORY.LAN"}, {"RightName": "WriteOwner", "PrincipalType": "group", "AceType": "", "PrincipalName": "ADMINISTRATORS@FACTORY.LAN"}, {"RightName": "WriteDacl", "PrincipalType": "group", "AceType": "", "PrincipalName": "ADMINISTRATORS@FACTORY.LAN"}, {"RightName": "WriteDacl", "PrincipalType": "group", "AceType": "", "PrincipalName": "ADMINISTRATORS@FACTORY.LAN"}], "Name": "ADMINISTRATORS@FACTORY.LAN", "Members": [{"MemberName": "DOMAIN ADMINS@FACTORY.LAN", "MemberType": "group"}, {"MemberName": "ENTERPRISE ADMINS@FACTORY.LAN", "MemberType": "group"}, {"MemberName": "ADMINISTRATOR@FACTORY.LAN", "MemberType": "user"}], "Properties": {"admincount": true, "domain": "FACTORY.LAN", "objectsid": "S-1-5-32-544", "highvalue": true, "description": "Administrators have complete and unrestricted access to the computer/domain"}},{"Aces": [{"RightName": "Owner", "PrincipalType": "group", "AceType": "", "PrincipalName": "ADMINISTRATORS@FACTORY.LAN"}, {"RightName": "GenericAll", "PrincipalType": "group", "AceType": "", "PrincipalName": "DOMAIN ADMINS@FACTORY.LAN"}, {"RightName": "GenericAll", "PrincipalType": "group", "AceType": "", "PrincipalName": "ACCOUNT OPERATORS@FACTORY.LAN"}, {"RightName": "GenericAll", "PrincipalType": "group", "AceType": "", "PrincipalName": "ENTERPRISE ADMINS@FACTORY.LAN"}, {"RightName": "GenericWrite", "PrincipalType": "group", "AceType": "", "PrincipalName": "ADMINISTRATORS@FACTORY.LAN"}, {"RightName": "WriteOwner", "PrincipalType": "group", "AceType": "", "PrincipalName": "ADMINISTRATORS@FACTORY.LAN"}, {"RightName": "WriteDacl", "PrincipalType": "group", "AceType": "", "PrincipalName": "ADMINISTRATORS@FACTORY.LAN"}, {"RightName": "WriteDacl", "PrincipalType": "group", "AceType": "", "PrincipalName": "ADMINISTRATORS@FACTORY.LAN"}], "Name": "USERS@FACTORY.LAN", "Members": [{"MemberName": "DOMAIN USERS@FACTORY.LAN", "MemberType": "group"}, {"MemberName": "AUTHENTICATED USERS@FACTORY.LAN", "MemberType": "group"}, {"MemberName": "INTERACTIVE@FACTORY.LAN", "MemberType": "group"}], "Properties": {"admincount": false, "domain": "FACTORY.LAN", "objectsid": "S-1-5-32-545", "highvalue": false, "description": "Users are prevented from making accidental or intentional system-wide changes and can run most applications"}},{"Aces": [{"RightName": "Owner", "PrincipalType": "group", "AceType": "", "PrincipalName": "ADMINISTRATORS@FACTORY.LAN"}, {"RightName": "GenericAll", "PrincipalType": "group", "AceType": "", "PrincipalName": "DOMAIN ADMINS@FACTORY.LAN"}, {"RightName": "GenericAll", "PrincipalType": "group", "AceType": "", "PrincipalName": "ACCOUNT OPERATORS@FACTORY.LAN"}, {"RightName": "GenericAll", "PrincipalType": "group", "AceType": "", "PrincipalName": "ENTERPRISE ADMINS@FACTORY.LAN"}, {"RightName": "GenericWrite", "PrincipalType": "group", "AceType": "", "PrincipalName": "ADMINISTRATORS@FACTORY.LAN"}, {"RightName": "WriteOwner", "PrincipalType": "group", "AceType": "", "PrincipalName": "ADMINISTRATORS@FACTORY.LAN"}, {"RightName": "WriteDacl", "PrincipalType": "group", "AceType": "", "PrincipalName": "ADMINISTRATORS@FACTORY.LAN"}, {"RightName": "WriteDacl", "PrincipalType": "group", "AceType": "", "PrincipalName": "ADMINISTRATORS@FACTORY.LAN"}], "Name": "GUESTS@FACTORY.LAN", "Members": [{"MemberName": "DOMAIN GUESTS@FACTORY.LAN", "MemberType": "group"}, {"MemberName": "GUEST@FACTORY.LAN", "MemberType": "user"}], "Properties": {"admincount": false, "domain": "FACTORY.LAN", "objectsid": "S-1-5-32-546", "highvalue": false, "description": "Guests have the same access as members of the Users group by default, except for the Guest account which is further restricted"}}],"meta":{"type":"groups","count":48}}