{"users":[{"Aces": [{"RightName": "Owner", "PrincipalType": "group", "AceType": "", "PrincipalName": "DOMAIN ADMINS@FACTORY.LAN"}, {"RightName": "GenericWrite", "PrincipalType": "group", "AceType": "", "PrincipalName": "DOMAIN ADMINS@FACTORY.LAN"}, {"RightName": "WriteOwner", "PrincipalType": "group", "AceType": "", "PrincipalName": "DOMAIN ADMINS@FACTORY.LAN"}, {"RightName": "ExtendedRight", "PrincipalType": "group", "AceType": "All", "PrincipalName": "DOMAIN ADMINS@FACTORY.LAN"}, {"RightName": "WriteDacl", "PrincipalType": "group", "AceType": "", "PrincipalName": "DOMAIN ADMINS@FACTORY.LAN"}, {"RightName": "WriteDacl", "PrincipalType": "group", "AceType": "", "PrincipalName": "DOMAIN ADMINS@FACTORY.LAN"}, {"RightName": "GenericWrite", "PrincipalType": "group", "AceType": "", "PrincipalName": "ENTERPRISE ADMINS@FACTORY.LAN"}, {"RightName": "WriteOwner", "PrincipalType": "group", "AceType": "", "PrincipalName": "ENTERPRISE ADMINS@FACTORY.LAN"}, {"RightName": "ExtendedRight", "PrincipalType": "group", "AceType": "All", "PrincipalName": "ENTERPRISE ADMINS@FACTORY.LAN"}, {"RightName": "WriteDacl", "PrincipalType": "group", "AceType": "", "PrincipalName": "ENTERPRISE ADMINS@FACTORY.LAN"}, {"RightName": "WriteDacl", "PrincipalType": "group", "AceType": "", "PrincipalName": "ENTERPRISE ADMINS@FACTORY.LAN"}, {"RightName": "GenericWrite", "PrincipalType": "group", "AceType": "", "PrincipalName": "ADMINISTRATORS@FACTORY.LAN"}, {"RightName": "WriteOwner", "PrincipalType": "group", "AceType": "", "PrincipalName": "ADMINISTRATORS@FACTORY.LAN"}, {"RightName": "ExtendedRight", "PrincipalType": "group", "AceType": "All", "PrincipalName": "ADMINISTRATORS@FACTORY.LAN"}, {"RightName": "WriteDacl", "PrincipalType": "group", "AceType": "", "PrincipalName": "ADMINISTRATORS@FACTORY.LAN"}, {"RightName": "WriteDacl", "PrincipalType": "group", "AceType": "", "PrincipalName": "ADMINISTRATORS@FACTORY.LAN"}], "Name": "HELLO@FACTORY.LAN", "Properties": {"pwdlastset": 1562764439, "domain": "FACTORY.LAN", "displayname": null, "description": null, "admincount": true, "userpassword": null, "hasspn": false, "enabled": true, "unconstraineddelegation": false, "dontreqpreauth": false, "lastlogon": 0, "lastlogontimestamp": 1562764449, "objectsid": "S-1-5-21-973561226-3767909689-3041734699-6601", "sensitive": false, "homedirectory": null, "serviceprincipalnames": [], "title": null, "email": null, "highvalue": false}, "PrimaryGroup": "DOMAIN USERS@FACTORY.LAN"},{"Aces": [{"RightName": "Owner", "PrincipalType": "group", "AceType": "", "PrincipalName": "DOMAIN ADMINS@FACTORY.LAN"}, {"RightName": "GenericAll", "PrincipalType": "group", "AceType": "", "PrincipalName": "DOMAIN ADMINS@FACTORY.LAN"}, {"RightName": "GenericAll", "PrincipalType": "group", "AceType": "", "PrincipalName": "ACCOUNT OPERATORS@FACTORY.LAN"}, {"RightName": "GenericAll", "PrincipalType": "group", "AceType": "", "PrincipalName": "ENTERPRISE ADMINS@FACTORY.LAN"}, {"RightName": "GenericWrite", "PrincipalType": "group", "AceType": "", "PrincipalName": "ADMINISTRATORS@FACTORY.LAN"}, {"RightName": "WriteOwner", "PrincipalType": "group", "AceType": "", "PrincipalName": "ADMINISTRATORS@FACTORY.LAN"}, {"RightName": "ExtendedRight", "PrincipalType": "group", "AceType": "All", "PrincipalName": "ADMINISTRATORS@FACTORY.LAN"}, {"RightName": "WriteDacl", "PrincipalType": "group", "AceType": "", "PrincipalName": "ADMINISTRATORS@FACTORY.LAN"}, {"RightName": "WriteDacl", "PrincipalType": "group", "AceType": "", "PrincipalName": "ADMINISTRATORS@FACTORY.LAN"}], "Name": "PEDRO.LALICORNE@FACTORY.LAN", "Properties": {"pwdlastset": 1562061089, "domain": "FACTORY.LAN", "displayname": null, "description": null, "admincount": false, "userpassword": null, "hasspn": false, "enabled": true, "unconstraineddelegation": false, "dontreqpreauth": false, "lastlogon": 0, "lastlogontimestamp": 0, "objectsid": "S-1-5-21-973561226-3767909689-3041734699-4112", "sensitive": false, "homedirectory": null, "serviceprincipalnames": [], "title": null, "email": null, "highvalue": false}, "PrimaryGroup": "DOMAIN USERS@FACTORY.LAN"},{"Aces": [{"RightName": "Owner", "PrincipalType": "group", "AceType": "", "PrincipalName": "DOMAIN ADMINS@FACTORY.LAN"}, {"RightName": "GenericAll", "PrincipalType": "group", "AceType": "", "PrincipalName": "DOMAIN ADMINS@FACTORY.LAN"}, {"RightName": "GenericAll", "PrincipalType": "group", "AceType": "", "PrincipalName": "ACCOUNT OPERATORS@FACTORY.LAN"}, {"RightName": "GenericAll", "PrincipalType": "group", "AceType": "", "PrincipalName": "ENTERPRISE ADMINS@FACTORY.LAN"}, {"RightName": "GenericWrite", "PrincipalType": "group", "AceType": "", "PrincipalName": "ADMINISTRATORS@FACTORY.LAN"}, {"RightName": "WriteOwner", "PrincipalType": "group", "AceType": "", "PrincipalName": "ADMINISTRATORS@FACTORY.LAN"}, {"RightName": "ExtendedRight", "PrincipalType": "group", "AceType": "All", "PrincipalName": "ADMINISTRATORS@FACTORY.LAN"}, {"RightName": "WriteDacl", "PrincipalType": "group", "AceType": "", "PrincipalName": "ADMINISTRATORS@FACTORY.LAN"}, {"RightName": "WriteDacl", "PrincipalType": "group", "AceType": "", "PrincipalName": "ADMINISTRATORS@FACTORY.LAN"}], "Name": "AAS@FACTORY.LAN", "Properties": {"pwdlastset": 1562061144, "domain": "FACTORY.LAN", "displayname": null, "description": null, "admincount": false, "userpassword": null, "hasspn": false, "enabled": true, "unconstraineddelegation": false, "dontreqpreauth": false, "lastlogon": 0, "lastlogontimestamp": 0, "objectsid": "S-1-5-21-973561226-3767909689-3041734699-4114", "sensitive": false, "homedirectory": null, "serviceprincipalnames": [], "title": null, "email": null, "highvalue": false}, "PrimaryGroup": "DOMAIN USERS@FACTORY.LAN"},{"Aces": [{"RightName": "Owner", "PrincipalType": "group", "AceType": "", "PrincipalName": "DOMAIN ADMINS@FACTORY.LAN"}, {"RightName": "GenericAll", "PrincipalType": "group", "AceType": "", "PrincipalName": "DOMAIN ADMINS@FACTORY.LAN"}, {"RightName": "GenericAll", "PrincipalType": "group", "AceType": "", "PrincipalName": "ACCOUNT OPERATORS@FACTORY.LAN"}, {"RightName": "GenericAll", "PrincipalType": "group", "AceType": "", "PrincipalName": "ENTERPRISE ADMINS@FACTORY.LAN"}, {"RightName": "GenericWrite", "PrincipalType": "group", "AceType": "", "PrincipalName": "ADMINISTRATORS@FACTORY.LAN"}, {"RightName": "WriteOwner", "PrincipalType": "group", "AceType": "", "PrincipalName": "ADMINISTRATORS@FACTORY.LAN"}, {"RightName": "ExtendedRight", "PrincipalType": "group", "AceType": "All", "PrincipalName": "ADMINISTRATORS@FACTORY.LAN"}, {"RightName": "WriteDacl", "PrincipalType": "group", "AceType": "", "PrincipalName": "ADMINISTRATORS@FACTORY.LAN"}, {"RightName": "WriteDacl", "PrincipalType": "group", "AceType": "", "PrincipalName": "ADMINISTRATORS@FACTORY.LAN"}], "Name": "LYDERIC.LEFEBVRE@FACTORY.LAN", "Properties": {"pwdlastset": 1562061952, "domain": "FACTORY.LAN", "displayname": null, "description": null, "admincount": false, "userpassword": null, "hasspn": false, "enabled": true, "unconstraineddelegation": false, "dontreqpreauth": false, "lastlogon": 0, "lastlogontimestamp": 0, "objectsid": "S-1-5-21-973561226-3767909689-3041734699-4115", "sensitive": false, "homedirectory": null, "serviceprincipalnames": [], "title": "IT Security Consultant", "email": null, "highvalue": false}, "PrimaryGroup": "DOMAIN USERS@FACTORY.LAN"},{"Aces": [{"RightName": "Owner", "PrincipalType": "group", "AceType": "", "PrincipalName": "DOMAIN ADMINS@FACTORY.LAN"}, {"RightName": "GenericAll", "PrincipalType": "group", "AceType": "", "PrincipalName": "DOMAIN ADMINS@FACTORY.LAN"}, {"RightName": "GenericAll", "PrincipalType": "group", "AceType": "", "PrincipalName": "ACCOUNT OPERATORS@FACTORY.LAN"}, {"RightName": "GenericAll", "PrincipalType": "group", "AceType": "", "PrincipalName": "ENTERPRISE ADMINS@FACTORY.LAN"}, {"RightName": "GenericWrite", "PrincipalType": "group", "AceType": "", "PrincipalName": "ADMINISTRATORS@FACTORY.LAN"}, {"RightName": "WriteOwner", "PrincipalType": "group", "AceType": "", "PrincipalName": "ADMINISTRATORS@FACTORY.LAN"}, {"RightName": "ExtendedRight", "PrincipalType": "group", "AceType": "All", "PrincipalName": "ADMINISTRATORS@FACTORY.LAN"}, {"RightName": "WriteDacl", "PrincipalType": "group", "AceType": "", "PrincipalName": "ADMINISTRATORS@FACTORY.LAN"}, {"RightName": "WriteDacl", "PrincipalType": "group", "AceType": "", "PrincipalName": "ADMINISTRATORS@FACTORY.LAN"}], "Name": "GRANDPA.GEORGE@FACTORY.LAN", "Properties": {"pwdlastset": 1562060935, "domain": "FACTORY.LAN", "displayname": null, "description": null, "admincount": false, "userpassword": null, "hasspn": false, "enabled": true, "unconstraineddelegation": false, "dontreqpreauth": false, "lastlogon": 0, "lastlogontimestamp": 0, "objectsid": "S-1-5-21-973561226-3767909689-3041734699-4108", "sensitive": false, "homedirectory": null, "serviceprincipalnames": [], "title": null, "email": null, "highvalue": false}, "PrimaryGroup": "DOMAIN USERS@FACTORY.LAN"},{"Aces": [{"RightName": "Owner", "PrincipalType": "group", "AceType": "", "PrincipalName": "DOMAIN ADMINS@FACTORY.LAN"}, {"RightName": "GenericAll", "PrincipalType": "group", "AceType": "", "PrincipalName": "DOMAIN ADMINS@FACTORY.LAN"}, {"RightName": "GenericAll", "PrincipalType": "group", "AceType": "", "PrincipalName": "ACCOUNT OPERATORS@FACTORY.LAN"}, {"RightName": "GenericAll", "PrincipalType": "group", "AceType": "", "PrincipalName": "ENTERPRISE ADMINS@FACTORY.LAN"}, {"RightName": "GenericWrite", "PrincipalType": "group", "AceType": "", "PrincipalName": "ADMINISTRATORS@FACTORY.LAN"}, {"RightName": "WriteOwner", "PrincipalType": "group", "AceType": "", "PrincipalName": "ADMINISTRATORS@FACTORY.LAN"}, {"RightName": "ExtendedRight", "PrincipalType": "group", "AceType": "All", "PrincipalName": "ADMINISTRATORS@FACTORY.LAN"}, {"RightName": "WriteDacl", "PrincipalType": "group", "AceType": "", "PrincipalName": "ADMINISTRATORS@FACTORY.LAN"}, {"RightName": "WriteDacl", "PrincipalType": "group", "AceType": "", "PrincipalName": "ADMINISTRATORS@FACTORY.LAN"}], "Name": "PEDRO.LECOCHON@FACTORY.LAN", "Properties": {"pwdlastset": 1562061078, "domain": "FACTORY.LAN", "displayname": null, "description": null, "admincount": false, "userpassword": null, "hasspn": false, "enabled": true, "unconstraineddelegation": false, "dontreqpreauth": false, "lastlogon": 0, "lastlogontimestamp": 0, "objectsid": "S-1-5-21-973561226-3767909689-3041734699-4111", "sensitive": false, "homedirectory": null, "serviceprincipalnames": [], "title": null, "email": null, "highvalue": false}, "PrimaryGroup": "DOMAIN USERS@FACTORY.LAN"},{"Aces": [{"RightName": "Owner", "PrincipalType": "group", "AceType": "", "PrincipalName": "DOMAIN ADMINS@FACTORY.LAN"}, {"RightName": "GenericAll", "PrincipalType": "group", "AceType": "", "PrincipalName": "DOMAIN ADMINS@FACTORY.LAN"}, {"RightName": "GenericAll", "PrincipalType": "group", "AceType": "", "PrincipalName": "ACCOUNT OPERATORS@FACTORY.LAN"}, {"RightName": "GenericAll", "PrincipalType": "group", "AceType": "", "PrincipalName": "ENTERPRISE ADMINS@FACTORY.LAN"}, {"RightName": "GenericWrite", "PrincipalType": "group", "AceType": "", "PrincipalName": "ADMINISTRATORS@FACTORY.LAN"}, {"RightName": "WriteOwner", "PrincipalType": "group", "AceType": "", "PrincipalName": "ADMINISTRATORS@FACTORY.LAN"}, {"RightName": "ExtendedRight", "PrincipalType": "group", "AceType": "All", "PrincipalName": "ADMINISTRATORS@FACTORY.LAN"}, {"RightName": "WriteDacl", "PrincipalType": "group", "AceType": "", "PrincipalName": "ADMINISTRATORS@FACTORY.LAN"}, {"RightName": "WriteDacl", "PrincipalType": "group", "AceType": "", "PrincipalName": "ADMINISTRATORS@FACTORY.LAN"}], "Name": "MRS.GLOOP@FACTORY.LAN", "Properties": {"pwdlastset": 1562060909, "domain": "FACTORY.LAN", "displayname": null, "description": null, "admincount": false, "userpassword": null, "hasspn": false, "enabled": true, "unconstraineddelegation": false, "dontreqpreauth": false, "lastlogon": 0, "lastlogontimestamp": 0, "objectsid": "S-1-5-21-973561226-3767909689-3041734699-4107", "sensitive": false, "homedirectory": null, "serviceprincipalnames": [], "title": null, "email": null, "highvalue": false}, "PrimaryGroup": "DOMAIN USERS@FACTORY.LAN"},{"Aces": [{"RightName": "Owner", "PrincipalType": "group", "AceType": "", "PrincipalName": "DOMAIN ADMINS@FACTORY.LAN"}, {"RightName": "GenericAll", "PrincipalType": "group", "AceType": "", "PrincipalName": "DOMAIN ADMINS@FACTORY.LAN"}, {"RightName": "GenericAll", "PrincipalType": "group", "AceType": "", "PrincipalName": "ACCOUNT OPERATORS@FACTORY.LAN"}, {"RightName": "GenericAll", "PrincipalType": "group", "AceType": "", "PrincipalName": "ENTERPRISE ADMINS@FACTORY.LAN"}, {"RightName": "GenericWrite", "PrincipalType": "group", "AceType": "", "PrincipalName": "ADMINISTRATORS@FACTORY.LAN"}, {"RightName": "WriteOwner", "PrincipalType": "group", "AceType": "", "PrincipalName": "ADMINISTRATORS@FACTORY.LAN"}, {"RightName": "ExtendedRight", "PrincipalType": "group", "AceType": "All", "PrincipalName": "ADMINISTRATORS@FACTORY.LAN"}, {"RightName": "WriteDacl", "PrincipalType": "group", "AceType": "", "PrincipalName": "ADMINISTRATORS@FACTORY.LAN"}, {"RightName": "WriteDacl", "PrincipalType": "group", "AceType": "", "PrincipalName": "ADMINISTRATORS@FACTORY.LAN"}], "Name": "LUMINOUS.LOLLY@FACTORY.LAN", "Properties": {"pwdlastset": 1562060981, "domain": "FACTORY.LAN", "displayname": null, "description": null, "admincount": false, "userpassword": null, "hasspn": false, "enabled": true, "unconstraineddelegation": false, "dontreqpreauth": false, "lastlogon": 0, "lastlogontimestamp": 0, "objectsid": "S-1-5-21-973561226-3767909689-3041734699-4109", "sensitive": false, "homedirectory": null, "serviceprincipalnames": [], "title": null, "email": null, "highvalue": false}, "PrimaryGroup": "DOMAIN USERS@FACTORY.LAN"},{"Aces": [{"RightName": "Owner", "PrincipalType": "group", "AceType": "", "PrincipalName": "DOMAIN ADMINS@FACTORY.LAN"}, {"RightName": "GenericAll", "PrincipalType": "group", "AceType": "", "PrincipalName": "DOMAIN ADMINS@FACTORY.LAN"}, {"RightName": "GenericAll", "PrincipalType": "group", "AceType": "", "PrincipalName": "ACCOUNT OPERATORS@FACTORY.LAN"}, {"RightName": "GenericAll", "PrincipalType": "group", "AceType": "", "PrincipalName": "ENTERPRISE ADMINS@FACTORY.LAN"}, {"RightName": "GenericWrite", "PrincipalType": "group", "AceType": "", "PrincipalName": "ADMINISTRATORS@FACTORY.LAN"}, {"RightName": "WriteOwner", "PrincipalType": "group", "AceType": "", "PrincipalName": "ADMINISTRATORS@FACTORY.LAN"}, {"RightName": "ExtendedRight", "PrincipalType": "group", "AceType": "All", "PrincipalName": "ADMINISTRATORS@FACTORY.LAN"}, {"RightName": "WriteDacl", "PrincipalType": "group", "AceType": "", "PrincipalName": "ADMINISTRATORS@FACTORY.LAN"}, {"RightName": "WriteDacl", "PrincipalType": "group", "AceType": "", "PrincipalName": "ADMINISTRATORS@FACTORY.LAN"}], "Name": "MRS.SALT@FACTORY.LAN", "Properties": {"pwdlastset": 1562060857, "domain": "FACTORY.LAN", "displayname": null, "description": null, "admincount": false, "userpassword": null, "hasspn": false, "enabled": true, "unconstraineddelegation": false, "dontreqpreauth": false, "lastlogon": 0, "lastlogontimestamp": 0, "objectsid": "S-1-5-21-973561226-3767909689-3041734699-4105", "sensitive": false, "homedirectory": null, "serviceprincipalnames": [], "title": null, "email": null, "highvalue": false}, "PrimaryGroup": "DOMAIN USERS@FACTORY.LAN"},{"Aces": [{"RightName": "Owner", "PrincipalType": "group", "AceType": "", "PrincipalName": "DOMAIN ADMINS@FACTORY.LAN"}, {"RightName": "GenericAll", "PrincipalType": "group", "AceType": "", "PrincipalName": "DOMAIN ADMINS@FACTORY.LAN"}, {"RightName": "GenericAll", "PrincipalType": "group", "AceType": "", "PrincipalName": "ACCOUNT OPERATORS@FACTORY.LAN"}, {"RightName": "GenericAll", "PrincipalType": "group", "AceType": "", "PrincipalName": "ENTERPRISE ADMINS@FACTORY.LAN"}, {"RightName": "GenericWrite", "PrincipalType": "group", "AceType": "", "PrincipalName": "ADMINISTRATORS@FACTORY.LAN"}, {"RightName": "WriteOwner", "PrincipalType": "group", "AceType": "", "PrincipalName": "ADMINISTRATORS@FACTORY.LAN"}, {"RightName": "ExtendedRight", "PrincipalType": "group", "AceType": "All", "PrincipalName": "ADMINISTRATORS@FACTORY.LAN"}, {"RightName": "WriteDacl", "PrincipalType": "group", "AceType": "", "PrincipalName": "ADMINISTRATORS@FACTORY.LAN"}, {"RightName": "WriteDacl", "PrincipalType": "group", "AceType": "", "PrincipalName": "ADMINISTRATORS@FACTORY.LAN"}], "Name": "GRANDMA.JOSEPHINE@FACTORY.LAN", "Properties": {"pwdlastset": 1562060839, "domain": "FACTORY.LAN", "displayname": null, "description": null, "admincount": false, "userpassword": null, "hasspn": false, "enabled": true, "unconstraineddelegation": false, "dontreqpreauth": false, "lastlogon": 0, "lastlogontimestamp": 0, "objectsid": "S-1-5-21-973561226-3767909689-3041734699-4104", "sensitive": false, "homedirectory": null, "serviceprincipalnames": [], "title": null, "email": null, "highvalue": false}, "PrimaryGroup": "DOMAIN USERS@FACTORY.LAN"},{"Aces": [{"RightName": "Owner", "PrincipalType": "group", "AceType": "", "PrincipalName": "DOMAIN ADMINS@FACTORY.LAN"}, {"RightName": "GenericAll", "PrincipalType": "group", "AceType": "", "PrincipalName": "DOMAIN ADMINS@FACTORY.LAN"}, {"RightName": "GenericAll", "PrincipalType": "group", "AceType": "", "PrincipalName": "ACCOUNT OPERATORS@FACTORY.LAN"}, {"RightName": "GenericAll", "PrincipalType": "group", "AceType": "", "PrincipalName": "ENTERPRISE ADMINS@FACTORY.LAN"}, {"RightName": "GenericWrite", "PrincipalType": "group", "AceType": "", "PrincipalName": "ADMINISTRATORS@FACTORY.LAN"}, {"RightName": "WriteOwner", "PrincipalType": "group", "AceType": "", "PrincipalName": "ADMINISTRATORS@FACTORY.LAN"}, {"RightName": "ExtendedRight", "PrincipalType": "group", "AceType": "All", "PrincipalName": "ADMINISTRATORS@FACTORY.LAN"}, {"RightName": "WriteDacl", "PrincipalType": "group", "AceType": "", "PrincipalName": "ADMINISTRATORS@FACTORY.LAN"}, {"RightName": "WriteDacl", "PrincipalType": "group", "AceType": "", "PrincipalName": "ADMINISTRATORS@FACTORY.LAN"}], "Name": "GRANDPA.JOE@FACTORY.LAN", "Properties": {"pwdlastset": 1562060799, "domain": "FACTORY.LAN", "displayname": null, "description": null, "admincount": false, "userpassword": null, "hasspn": false, "enabled": true, "unconstraineddelegation": false, "dontreqpreauth": false, "lastlogon": 0, "lastlogontimestamp": 0, "objectsid": "S-1-5-21-973561226-3767909689-3041734699-4103", "sensitive": false, "homedirectory": null, "serviceprincipalnames": [], "title": null, "email": null, "highvalue": false}, "PrimaryGroup": "DOMAIN USERS@FACTORY.LAN"},{"Aces": [{"RightName": "Owner", "PrincipalType": "group", "AceType": "", "PrincipalName": "DOMAIN ADMINS@FACTORY.LAN"}, {"RightName": "GenericAll", "PrincipalType": "group", "AceType": "", "PrincipalName": "DOMAIN ADMINS@FACTORY.LAN"}, {"RightName": "GenericAll", "PrincipalType": "group", "AceType": "", "PrincipalName": "ACCOUNT OPERATORS@FACTORY.LAN"}, {"RightName": "GenericAll", "PrincipalType": "group", "AceType": "", "PrincipalName": "ENTERPRISE ADMINS@FACTORY.LAN"}, {"RightName": "GenericWrite", "PrincipalType": "group", "AceType": "", "PrincipalName": "ADMINISTRATORS@FACTORY.LAN"}, {"RightName": "WriteOwner", "PrincipalType": "group", "AceType": "", "PrincipalName": "ADMINISTRATORS@FACTORY.LAN"}, {"RightName": "ExtendedRight", "PrincipalType": "group", "AceType": "All", "PrincipalName": "ADMINISTRATORS@FACTORY.LAN"}, {"RightName": "WriteDacl", "PrincipalType": "group", "AceType": "", "PrincipalName": "ADMINISTRATORS@FACTORY.LAN"}, {"RightName": "WriteDacl", "PrincipalType": "group", "AceType": "", "PrincipalName": "ADMINISTRATORS@FACTORY.LAN"}], "Name": "SLUGWORTH@FACTORY.LAN", "Properties": {"pwdlastset": 1562060877, "domain": "FACTORY.LAN", "displayname": null, "description": null, "admincount": false, "userpassword": null, "hasspn": false, "enabled": true, "unconstraineddelegation": false, "dontreqpreauth": false, "lastlogon": 0, "lastlogontimestamp": 0, "objectsid": "S-1-5-21-973561226-3767909689-3041734699-4106", "sensitive": false, "homedirectory": null, "serviceprincipalnames": [], "title": null, "email": null, "highvalue": false}, "PrimaryGroup": "DOMAIN USERS@FACTORY.LAN"},{"Aces": [{"RightName": "Owner", "PrincipalType": "group", "AceType": "", "PrincipalName": "DOMAIN ADMINS@FACTORY.LAN"}, {"RightName": "GenericAll", "PrincipalType": "group", "AceType": "", "PrincipalName": "DOMAIN ADMINS@FACTORY.LAN"}, {"RightName": "GenericAll", "PrincipalType": "group", "AceType": "", "PrincipalName": "ACCOUNT OPERATORS@FACTORY.LAN"}, {"RightName": "GenericAll", "PrincipalType": "group", "AceType": "", "PrincipalName": "ENTERPRISE ADMINS@FACTORY.LAN"}, {"RightName": "GenericWrite", "PrincipalType": "group", "AceType": "", "PrincipalName": "ADMINISTRATORS@FACTORY.LAN"}, {"RightName": "WriteOwner", "PrincipalType": "group", "AceType": "", "PrincipalName": "ADMINISTRATORS@FACTORY.LAN"}, {"RightName": "ExtendedRight", "PrincipalType": "group", "AceType": "All", "PrincipalName": "ADMINISTRATORS@FACTORY.LAN"}, {"RightName": "WriteDacl", "PrincipalType": "group", "AceType": "", "PrincipalName": "ADMINISTRATORS@FACTORY.LAN"}, {"RightName": "WriteDacl", "PrincipalType": "group", "AceType": "", "PrincipalName": "ADMINISTRATORS@FACTORY.LAN"}], "Name": "WILBUR.WONKA@FACTORY.LAN", "Properties": {"pwdlastset": 1562061029, "domain": "FACTORY.LAN", "displayname": null, "description": null, "admincount": false, "userpassword": null, "hasspn": false, "enabled": true, "unconstraineddelegation": false, "dontreqpreauth": false, "lastlogon": 0, "lastlogontimestamp": 0, "objectsid": "S-1-5-21-973561226-3767909689-3041734699-4110", "sensitive": false, "homedirectory": null, "serviceprincipalnames": [], "title": null, "email": null, "highvalue": false}, "PrimaryGroup": "DOMAIN USERS@FACTORY.LAN"},{"Aces": [{"RightName": "Owner", "PrincipalType": "group", "AceType": "", "PrincipalName": "DOMAIN ADMINS@FACTORY.LAN"}, {"RightName": "GenericAll", "PrincipalType": "group", "AceType": "", "PrincipalName": "DOMAIN ADMINS@FACTORY.LAN"}, {"RightName": "GenericAll", "PrincipalType": "group", "AceType": "", "PrincipalName": "ACCOUNT OPERATORS@FACTORY.LAN"}, {"RightName": "GenericAll", "PrincipalType": "group", "AceType": "", "PrincipalName": "ENTERPRISE ADMINS@FACTORY.LAN"}, {"RightName": "GenericWrite", "PrincipalType": "group", "AceType": "", "PrincipalName": "ADMINISTRATORS@FACTORY.LAN"}, {"RightName": "WriteOwner", "PrincipalType": "group", "AceType": "", "PrincipalName": "ADMINISTRATORS@FACTORY.LAN"}, {"RightName": "ExtendedRight", "PrincipalType": "group", "AceType": "All", "PrincipalName": "ADMINISTRATORS@FACTORY.LAN"}, {"RightName": "WriteDacl", "PrincipalType": "group", "AceType": "", "PrincipalName": "ADMINISTRATORS@FACTORY.LAN"}, {"RightName": "WriteDacl", "PrincipalType": "group", "AceType": "", "PrincipalName": "ADMINISTRATORS@FACTORY.LAN"}], "Name": "PRINCE.PONDICHERRY@FACTORY.LAN", "Properties": {"pwdlastset": 1562060766, "domain": "FACTORY.LAN", "displayname": null, "description": null, "admincount": false, "userpassword": null, "hasspn": false, "enabled": true, "unconstraineddelegation": false, "dontreqpreauth": false, "lastlogon": 0, "lastlogontimestamp": 0, "objectsid": "S-1-5-21-973561226-3767909689-3041734699-4102", "sensitive": false, "homedirectory": null, "serviceprincipalnames": [], "title": null, "email": null, "highvalue": false}, "PrimaryGroup": "DOMAIN USERS@FACTORY.LAN"},{"Aces": [{"RightName": "Owner", "PrincipalType": "group", "AceType": "", "PrincipalName": "DOMAIN ADMINS@FACTORY.LAN"}, {"RightName": "GenericAll", "PrincipalType": "group", "AceType": "", "PrincipalName": "DOMAIN ADMINS@FACTORY.LAN"}, {"RightName": "GenericAll", "PrincipalType": "group", "AceType": "", "PrincipalName": "ACCOUNT OPERATORS@FACTORY.LAN"}, {"RightName": "GenericAll", "PrincipalType": "group", "AceType": "", "PrincipalName": "ENTERPRISE ADMINS@FACTORY.LAN"}, {"RightName": "GenericWrite", "PrincipalType": "group", "AceType": "", "PrincipalName": "ADMINISTRATORS@FACTORY.LAN"}, {"RightName": "WriteOwner", "PrincipalType": "group", "AceType": "", "PrincipalName": "ADMINISTRATORS@FACTORY.LAN"}, {"RightName": "ExtendedRight", "PrincipalType": "group", "AceType": "All", "PrincipalName": "ADMINISTRATORS@FACTORY.LAN"}, {"RightName": "WriteDacl", "PrincipalType": "group", "AceType": "", "PrincipalName": "ADMINISTRATORS@FACTORY.LAN"}, {"RightName": "WriteDacl", "PrincipalType": "group", "AceType": "", "PrincipalName": "ADMINISTRATORS@FACTORY.LAN"}], "Name": "MIKE.TEAVEE@FACTORY.LAN", "Properties": {"pwdlastset": 1562060733, "domain": "FACTORY.LAN", "displayname": null, "description": null, "admincount": false, "userpassword": null, "hasspn": false, "enabled": true, "unconstraineddelegation": false, "dontreqpreauth": false, "lastlogon": 0, "lastlogontimestamp": 0, "objectsid": "S-1-5-21-973561226-3767909689-3041734699-4101", "sensitive": false, "homedirectory": null, "serviceprincipalnames": [], "title": null, "email": null, "highvalue": false}, "PrimaryGroup": "DOMAIN USERS@FACTORY.LAN"},{"Aces": [{"RightName": "Owner", "PrincipalType": "group", "AceType": "", "PrincipalName": "DOMAIN ADMINS@FACTORY.LAN"}, {"RightName": "GenericAll", "PrincipalType": "group", "AceType": "", "PrincipalName": "DOMAIN ADMINS@FACTORY.LAN"}, {"RightName": "GenericAll", "PrincipalType": "group", "AceType": "", "PrincipalName": "ACCOUNT OPERATORS@FACTORY.LAN"}, {"RightName": "GenericAll", "PrincipalType": "group", "AceType": "", "PrincipalName": "ENTERPRISE ADMINS@FACTORY.LAN"}, {"RightName": "GenericWrite", "PrincipalType": "group", "AceType": "", "PrincipalName": "ADMINISTRATORS@FACTORY.LAN"}, {"RightName": "WriteOwner", "PrincipalType": "group", "AceType": "", "PrincipalName": "ADMINISTRATORS@FACTORY.LAN"}, {"RightName": "ExtendedRight", "PrincipalType": "group", "AceType": "All", "PrincipalName": "ADMINISTRATORS@FACTORY.LAN"}, {"RightName": "WriteDacl", "PrincipalType": "group", "AceType": "", "PrincipalName": "ADMINISTRATORS@FACTORY.LAN"}, {"RightName": "WriteDacl", "PrincipalType": "group", "AceType": "", "PrincipalName": "ADMINISTRATORS@FACTORY.LAN"}], "Name": "OOMPALOOMPA@FACTORY.LAN", "Properties": {"pwdlastset": 1561040557, "domain": "FACTORY.LAN", "displayname": null, "description": null, "admincount": false, "userpassword": null, "hasspn": false, "enabled": true, "unconstraineddelegation": false, "dontreqpreauth": false, "lastlogon": 1561107725, "lastlogontimestamp": 1561033061, "objectsid": "S-1-5-21-973561226-3767909689-3041734699-1107", "sensitive": false, "homedirectory": null, "serviceprincipalnames": [], "title": null, "email": null, "highvalue": false}, "PrimaryGroup": "DOMAIN USERS@FACTORY.LAN"},{"Aces": [{"RightName": "Owner", "PrincipalType": "group", "AceType": "", "PrincipalName": "DOMAIN ADMINS@FACTORY.LAN"}, {"RightName": "GenericWrite", "PrincipalType": "group", "AceType": "", "PrincipalName": "DOMAIN ADMINS@FACTORY.LAN"}, {"RightName": "WriteOwner", "PrincipalType": "group", "AceType": "", "PrincipalName": "DOMAIN ADMINS@FACTORY.LAN"}, {"RightName": "ExtendedRight", "PrincipalType": "group", "AceType": "All", "PrincipalName": "DOMAIN ADMINS@FACTORY.LAN"}, {"RightName": "WriteDacl", "PrincipalType": "group", "AceType": "", "PrincipalName": "DOMAIN ADMINS@FACTORY.LAN"}, {"RightName": "WriteDacl", "PrincipalType": "group", "AceType": "", "PrincipalName": "DOMAIN ADMINS@FACTORY.LAN"}, {"RightName": "GenericWrite", "PrincipalType": "group", "AceType": "", "PrincipalName": "ENTERPRISE ADMINS@FACTORY.LAN"}, {"RightName": "WriteOwner", "PrincipalType": "group", "AceType": "", "PrincipalName": "ENTERPRISE ADMINS@FACTORY.LAN"}, {"RightName": "ExtendedRight", "PrincipalType": "group", "AceType": "All", "PrincipalName": "ENTERPRISE ADMINS@FACTORY.LAN"}, {"RightName": "WriteDacl", "PrincipalType": "group", "AceType": "", "PrincipalName": "ENTERPRISE ADMINS@FACTORY.LAN"}, {"RightName": "WriteDacl", "PrincipalType": "group", "AceType": "", "PrincipalName": "ENTERPRISE ADMINS@FACTORY.LAN"}, {"RightName": "GenericWrite", "PrincipalType": "group", "AceType": "", "PrincipalName": "ADMINISTRATORS@FACTORY.LAN"}, {"RightName": "WriteOwner", "PrincipalType": "group", "AceType": "", "PrincipalName": "ADMINISTRATORS@FACTORY.LAN"}, {"RightName": "ExtendedRight", "PrincipalType": "group", "AceType": "All", "PrincipalName": "ADMINISTRATORS@FACTORY.LAN"}, {"RightName": "WriteDacl", "PrincipalType": "group", "AceType": "", "PrincipalName": "ADMINISTRATORS@FACTORY.LAN"}, {"RightName": "WriteDacl", "PrincipalType": "group", "AceType": "", "PrincipalName": "ADMINISTRATORS@FACTORY.LAN"}], "Name": "KRBTGT@FACTORY.LAN", "Properties": {"pwdlastset": 1561023557, "domain": "FACTORY.LAN", "displayname": null, "description": "Key Distribution Center Service Account", "admincount": true, "userpassword": null, "hasspn": true, "enabled": false, "unconstraineddelegation": false, "dontreqpreauth": false, "lastlogon": 0, "lastlogontimestamp": 0, "objectsid": "S-1-5-21-973561226-3767909689-3041734699-502", "sensitive": false, "homedirectory": null, "serviceprincipalnames": ["kadmin/changepw"], "title": null, "email": null, "highvalue": false}, "PrimaryGroup": "DOMAIN USERS@FACTORY.LAN"},{"Aces": [{"RightName": "Owner", "PrincipalType": "group", "AceType": "", "PrincipalName": "DOMAIN ADMINS@FACTORY.LAN"}, {"RightName": "GenericAll", "PrincipalType": "group", "AceType": "", "PrincipalName": "DOMAIN ADMINS@FACTORY.LAN"}, {"RightName": "GenericAll", "PrincipalType": "group", "AceType": "", "PrincipalName": "ACCOUNT OPERATORS@FACTORY.LAN"}, {"RightName": "GenericAll", "PrincipalType": "group", "AceType": "", "PrincipalName": "ENTERPRISE ADMINS@FACTORY.LAN"}, {"RightName": "GenericWrite", "PrincipalType": "group", "AceType": "", "PrincipalName": "ADMINISTRATORS@FACTORY.LAN"}, {"RightName": "WriteOwner", "PrincipalType": "group", "AceType": "", "PrincipalName": "ADMINISTRATORS@FACTORY.LAN"}, {"RightName": "ExtendedRight", "PrincipalType": "group", "AceType": "All", "PrincipalName": "ADMINISTRATORS@FACTORY.LAN"}, {"RightName": "WriteDacl", "PrincipalType": "group", "AceType": "", "PrincipalName": "ADMINISTRATORS@FACTORY.LAN"}, {"RightName": "WriteDacl", "PrincipalType": "group", "AceType": "", "PrincipalName": "ADMINISTRATORS@FACTORY.LAN"}], "Name": "ADMINSERVER@FACTORY.LAN", "Properties": {"pwdlastset": 1561024280, "domain": "FACTORY.LAN", "displayname": null, "description": null, "admincount": false, "userpassword": null, "hasspn": false, "enabled": true, "unconstraineddelegation": false, "dontreqpreauth": false, "lastlogon": 1562948279, "lastlogontimestamp": 1562069512, "objectsid": "S-1-5-21-973561226-3767909689-3041734699-1104", "sensitive": false, "homedirectory": null, "serviceprincipalnames": [], "title": null, "email": null, "highvalue": false}, "PrimaryGroup": "DOMAIN USERS@FACTORY.LAN"},{"Aces": [{"RightName": "Owner", "PrincipalType": "group", "AceType": "", "PrincipalName": "DOMAIN ADMINS@FACTORY.LAN"}, {"RightName": "GenericAll", "PrincipalType": "group", "AceType": "", "PrincipalName": "DOMAIN ADMINS@FACTORY.LAN"}, {"RightName": "GenericAll", "PrincipalType": "group", "AceType": "", "PrincipalName": "ACCOUNT OPERATORS@FACTORY.LAN"}, {"RightName": "GenericAll", "PrincipalType": "group", "AceType": "", "PrincipalName": "ENTERPRISE ADMINS@FACTORY.LAN"}, {"RightName": "GenericWrite", "PrincipalType": "group", "AceType": "", "PrincipalName": "ADMINISTRATORS@FACTORY.LAN"}, {"RightName": "WriteOwner", "PrincipalType": "group", "AceType": "", "PrincipalName": "ADMINISTRATORS@FACTORY.LAN"}, {"RightName": "ExtendedRight", "PrincipalType": "group", "AceType": "All", "PrincipalName": "ADMINISTRATORS@FACTORY.LAN"}, {"RightName": "WriteDacl", "PrincipalType": "group", "AceType": "", "PrincipalName": "ADMINISTRATORS@FACTORY.LAN"}, {"RightName": "WriteDacl", "PrincipalType": "group", "AceType": "", "PrincipalName": "ADMINISTRATORS@FACTORY.LAN"}], "Name": "AUGUSTUS@FACTORY.LAN", "Properties": {"pwdlastset": 1561024650, "domain": "FACTORY.LAN", "displayname": null, "description": null, "admincount": false, "userpassword": null, "hasspn": false, "enabled": true, "unconstraineddelegation": false, "dontreqpreauth": false, "lastlogon": 0, "lastlogontimestamp": 1561033089, "objectsid": "S-1-5-21-973561226-3767909689-3041734699-1105", "sensitive": false, "homedirectory": null, "serviceprincipalnames": [], "title": null, "email": null, "highvalue": false}, "PrimaryGroup": "DOMAIN USERS@FACTORY.LAN"},{"Aces": [{"RightName": "Owner", "PrincipalType": "group", "AceType": "", "PrincipalName": "DOMAIN ADMINS@FACTORY.LAN"}, {"RightName": "GenericAll", "PrincipalType": "group", "AceType": "", "PrincipalName": "DOMAIN ADMINS@FACTORY.LAN"}, {"RightName": "GenericAll", "PrincipalType": "group", "AceType": "", "PrincipalName": "ACCOUNT OPERATORS@FACTORY.LAN"}, {"RightName": "GenericAll", "PrincipalType": "group", "AceType": "", "PrincipalName": "ENTERPRISE ADMINS@FACTORY.LAN"}, {"RightName": "GenericWrite", "PrincipalType": "group", "AceType": "", "PrincipalName": "ADMINISTRATORS@FACTORY.LAN"}, {"RightName": "WriteOwner", "PrincipalType": "group", "AceType": "", "PrincipalName": "ADMINISTRATORS@FACTORY.LAN"}, {"RightName": "ExtendedRight", "PrincipalType": "group", "AceType": "All", "PrincipalName": "ADMINISTRATORS@FACTORY.LAN"}, {"RightName": "WriteDacl", "PrincipalType": "group", "AceType": "", "PrincipalName": "ADMINISTRATORS@FACTORY.LAN"}, {"RightName": "WriteDacl", "PrincipalType": "group", "AceType": "", "PrincipalName": "ADMINISTRATORS@FACTORY.LAN"}], "Name": "SVCJOINCOMPUTERTODOM@FACTORY.LAN", "Properties": {"pwdlastset": 1561211143, "domain": "FACTORY.LAN", "displayname": null, "description": null, "admincount": false, "userpassword": null, "hasspn": false, "enabled": true, "unconstraineddelegation": false, "dontreqpreauth": false, "lastlogon": 1561107765, "lastlogontimestamp": 1562326286, "objectsid": "S-1-5-21-973561226-3767909689-3041734699-1106", "sensitive": false, "homedirectory": null, "serviceprincipalnames": [], "title": null, "email": null, "highvalue": false}, "PrimaryGroup": "DOMAIN USERS@FACTORY.LAN"},{"Aces": [{"RightName": "Owner", "PrincipalType": "group", "AceType": "", "PrincipalName": "DOMAIN ADMINS@FACTORY.LAN"}, {"RightName": "GenericWrite", "PrincipalType": "group", "AceType": "", "PrincipalName": "DOMAIN ADMINS@FACTORY.LAN"}, {"RightName": "WriteOwner", "PrincipalType": "group", "AceType": "", "PrincipalName": "DOMAIN ADMINS@FACTORY.LAN"}, {"RightName": "ExtendedRight", "PrincipalType": "group", "AceType": "All", "PrincipalName": "DOMAIN ADMINS@FACTORY.LAN"}, {"RightName": "WriteDacl", "PrincipalType": "group", "AceType": "", "PrincipalName": "DOMAIN ADMINS@FACTORY.LAN"}, {"RightName": "WriteDacl", "PrincipalType": "group", "AceType": "", "PrincipalName": "DOMAIN ADMINS@FACTORY.LAN"}, {"RightName": "GenericWrite", "PrincipalType": "group", "AceType": "", "PrincipalName": "ENTERPRISE ADMINS@FACTORY.LAN"}, {"RightName": "WriteOwner", "PrincipalType": "group", "AceType": "", "PrincipalName": "ENTERPRISE ADMINS@FACTORY.LAN"}, {"RightName": "ExtendedRight", "PrincipalType": "group", "AceType": "All", "PrincipalName": "ENTERPRISE ADMINS@FACTORY.LAN"}, {"RightName": "WriteDacl", "PrincipalType": "group", "AceType": "", "PrincipalName": "ENTERPRISE ADMINS@FACTORY.LAN"}, {"RightName": "WriteDacl", "PrincipalType": "group", "AceType": "", "PrincipalName": "ENTERPRISE ADMINS@FACTORY.LAN"}, {"RightName": "GenericWrite", "PrincipalType": "group", "AceType": "", "PrincipalName": "ADMINISTRATORS@FACTORY.LAN"}, {"RightName": "WriteOwner", "PrincipalType": "group", "AceType": "", "PrincipalName": "ADMINISTRATORS@FACTORY.LAN"}, {"RightName": "ExtendedRight", "PrincipalType": "group", "AceType": "All", "PrincipalName": "ADMINISTRATORS@FACTORY.LAN"}, {"RightName": "WriteDacl", "PrincipalType": "group", "AceType": "", "PrincipalName": "ADMINISTRATORS@FACTORY.LAN"}, {"RightName": "WriteDacl", "PrincipalType": "group", "AceType": "", "PrincipalName": "ADMINISTRATORS@FACTORY.LAN"}], "Name": "ADMINISTRATOR@FACTORY.LAN", "Properties": {"pwdlastset": 1561024463, "domain": "FACTORY.LAN", "displayname": null, "description": "Built-in account for administering the computer/domain", "admincount": true, "userpassword": null, "hasspn": false, "enabled": true, "unconstraineddelegation": false, "dontreqpreauth": false, "lastlogon": 1562948739, "lastlogontimestamp": 1562157905, "objectsid": "S-1-5-21-973561226-3767909689-3041734699-500", "sensitive": false, "homedirectory": null, "serviceprincipalnames": [], "title": null, "email": null, "highvalue": false}, "PrimaryGroup": "DOMAIN USERS@FACTORY.LAN"},{"Aces": [{"RightName": "Owner", "PrincipalType": "group", "AceType": "", "PrincipalName": "DOMAIN ADMINS@FACTORY.LAN"}, {"RightName": "GenericAll", "PrincipalType": "group", "AceType": "", "PrincipalName": "DOMAIN ADMINS@FACTORY.LAN"}, {"RightName": "GenericAll", "PrincipalType": "group", "AceType": "", "PrincipalName": "ACCOUNT OPERATORS@FACTORY.LAN"}, {"RightName": "GenericAll", "PrincipalType": "group", "AceType": "", "PrincipalName": "ENTERPRISE ADMINS@FACTORY.LAN"}, {"RightName": "GenericWrite", "PrincipalType": "group", "AceType": "", "PrincipalName": "ADMINISTRATORS@FACTORY.LAN"}, {"RightName": "WriteOwner", "PrincipalType": "group", "AceType": "", "PrincipalName": "ADMINISTRATORS@FACTORY.LAN"}, {"RightName": "ExtendedRight", "PrincipalType": "group", "AceType": "All", "PrincipalName": "ADMINISTRATORS@FACTORY.LAN"}, {"RightName": "WriteDacl", "PrincipalType": "group", "AceType": "", "PrincipalName": "ADMINISTRATORS@FACTORY.LAN"}, {"RightName": "WriteDacl", "PrincipalType": "group", "AceType": "", "PrincipalName": "ADMINISTRATORS@FACTORY.LAN"}], "Name": "ADMINWORKSTATION@FACTORY.LAN", "Properties": {"pwdlastset": 1562948913, "domain": "FACTORY.LAN", "displayname": null, "description": null, "admincount": false, "userpassword": null, "hasspn": false, "enabled": true, "unconstraineddelegation": false, "dontreqpreauth": false, "lastlogon": 1562948880, "lastlogontimestamp": 1562947979, "objectsid": "S-1-5-21-973561226-3767909689-3041734699-1103", "sensitive": false, "homedirectory": null, "serviceprincipalnames": [], "title": null, "email": null, "highvalue": false}, "PrimaryGroup": "DOMAIN USERS@FACTORY.LAN"},{"Aces": [{"RightName": "Owner", "PrincipalType": "group", "AceType": "", "PrincipalName": "ADMINISTRATORS@FACTORY.LAN"}, {"RightName": "GenericAll", "PrincipalType": "group", "AceType": "", "PrincipalName": "DOMAIN ADMINS@FACTORY.LAN"}, {"RightName": "GenericAll", "PrincipalType": "group", "AceType": "", "PrincipalName": "ACCOUNT OPERATORS@FACTORY.LAN"}, {"RightName": "GenericAll", "PrincipalType": "group", "AceType": "", "PrincipalName": "ENTERPRISE ADMINS@FACTORY.LAN"}, {"RightName": "GenericWrite", "PrincipalType": "group", "AceType": "", "PrincipalName": "ADMINISTRATORS@FACTORY.LAN"}, {"RightName": "WriteOwner", "PrincipalType": "group", "AceType": "", "PrincipalName": "ADMINISTRATORS@FACTORY.LAN"}, {"RightName": "ExtendedRight", "PrincipalType": "group", "AceType": "All", "PrincipalName": "ADMINISTRATORS@FACTORY.LAN"}, {"RightName": "WriteDacl", "PrincipalType": "group", "AceType": "", "PrincipalName": "ADMINISTRATORS@FACTORY.LAN"}, {"RightName": "WriteDacl", "PrincipalType": "group", "AceType": "", "PrincipalName": "ADMINISTRATORS@FACTORY.LAN"}], "Name": "GUEST@FACTORY.LAN", "Properties": {"pwdlastset": 0, "domain": "FACTORY.LAN", "displayname": null, "description": "Built-in account for guest access to the computer/domain", "admincount": false, "userpassword": null, "hasspn": false, "enabled": false, "unconstraineddelegation": false, "dontreqpreauth": false, "lastlogon": 0, "lastlogontimestamp": 0, "objectsid": "S-1-5-21-973561226-3767909689-3041734699-501", "sensitive": false, "homedirectory": null, "serviceprincipalnames": [], "title": null, "email": null, "highvalue": false}, "PrimaryGroup": "DOMAIN GUESTS@FACTORY.LAN"}],"meta":{"type":"users","count":23}}